SubjectID,researchdate
1585271561337036442,2025-06-01
1954574044080790082,2025-06-01
2963380814038309056,2025-06-01
153131677170000130,2025-06-01
8863090172069209728,2025-06-01
6629304165209876947,2025-06-01
5332267584642577320,2025-06-01
504410218347672841,2025-06-01
1306806058556077568,2025-06-01
2017619186364528145,2025-06-01
801778764757595008,2025-06-01
1585271561336701604,2025-06-01
4827866083748768960,2025-06-01
1585271561337053954,2025-06-01
1585271561336993878,2025-06-01
5188154264055125152,2025-06-01
801651201304655618,2025-06-01
1585271561336992295,2025-06-01
5269223972552621314,2025-06-01
1008812355581841250,2025-06-01
1585271561336967196,2025-06-01
1585271561336662224,2025-06-01
1585271561336704203,2025-06-01
5188154264055124614,2025-06-01
1585271561336695864,2025-06-01
1585271561337020096,2025-06-01
792639191900656642,2025-06-01
1585271561337044238,2025-06-01
1585271561336701354,2025-06-01
8791033531835245126,2025-06-01
3098483602160404120,2025-06-01
801649609405801345,2025-06-01
1585271561336804690,2025-06-01
6196960147642318811,2025-06-01
6341074104264852368,2025-06-01
2449965110012013004,2025-06-01
8800241640403122304,2025-06-01
4404534281793752896,2025-06-01
6052843423965704733,2025-06-01
2233791780476071135,2025-06-01
2243906939957421696,2025-06-01
4908934708435070415,2025-06-02
2305848854728059859,2025-06-02
1585271561337040423,2025-06-02
7358893773874615425,2025-06-02
4692763109658533120,2025-06-02
4107288419676846144,2025-06-02
2386919060872888085,2025-06-02
6566259520606639428,2025-06-02
1585271561336924298,2025-06-02
1585271561336763462,2025-06-02
1306806058556077568,2025-06-02
5034735007817,2025-06-02
3036830120599159360,2025-06-02
6566258848326415630,2025-06-02
2098690509497977664,2025-06-02
6629304165209877741,2025-06-02
2603089841281918144,2025-06-02
2458979132178470400,2025-06-02
225608272464491072,2025-06-02
7358893580340062978,2025-06-02
1585271561337006097,2025-06-02
4692759896965140290,2025-06-02
2963380814038313473,2025-06-02
1585271561336940537,2025-06-02
4332475200292253570,2025-06-02
1729388141130525804,2025-06-02
6052843423965704462,2025-06-02
1585271561336876209,2025-06-02
2747206538927418458,2025-06-02
9007204635750639287,2025-06-02
4548647573216187331,2025-06-02
7000007313155770752,2025-06-02
2098691289167691008,2025-06-02
2891322136194116241,2025-06-02
6052843423965704521,2025-06-02
3819059877809584384,2025-06-02
4692763109658531264,2025-06-02
2449965110012012815,2025-06-02
2243906939957421696,2025-06-02
6495489739328867520,2025-06-02
5764614858704116186,2025-06-02
1729388589032331985,2025-06-03
1585271561336985866,2025-06-03
6629304165209876323,2025-06-03
4548647573216187331,2025-06-03
5629511854270500800,2025-06-03
5413338585548960449,2025-06-03
3467783911479848960,2025-06-03
8791033531611703570,2025-06-03
2233792637557833088,2025-06-03
3323668325271603393,2025-06-03
1306806058556077568,2025-06-03
8214571128982578588,2025-06-03
1585271561336856866,2025-06-03
8935148650840696065,2025-06-03
8935148960500688000,2025-06-03
8502803222098581698,2025-06-03
5260212023980595118,2025-06-03
2098689923357000896,2025-06-03
1585271561337022332,2025-06-03
9088276141375648576,2025-06-03
8872103851395035073,2025-06-03
1738403280270865088,2025-06-03
4692759896965140290,2025-06-03
3828751370547352448,2025-06-03
2882308749924541139,2025-06-03
5044039385649898752,2025-06-03
4107288419676846200,2025-06-03
1513216533926154380,2025-06-03
5034735007916,2025-06-03
3251611007714857603,2025-06-03
5034735006047,2025-06-03
1954574044080790082,2025-06-03
9007204939872883344,2025-06-03
8430746051069922433,2025-06-03
3467784016540726080,2025-06-03
5764614858704116186,2025-06-03
1729388589032331985,2025-06-04
6133915001473537536,2025-06-04
5332267584642577300,2025-06-04
1585271561337014587,2025-06-04
7719180632607324117,2025-06-04
3170542200554773569,2025-06-04
1585271561336985866,2025-06-04
2954367870147815893,2025-06-04
6998872468341592896,2025-06-04
5260209176225692826,2025-06-04
1585271561336678840,2025-06-04
6052843423965704118,2025-06-04
6783798661000274688,2025-06-04
801651201304653181,2025-06-04
3602887775831007710,2025-06-04
2233792554604319486,2025-06-04
2017619693541360654,2025-06-04
4188358369920040000,2025-06-04
1585271561336967196,2025-06-04
6926548043751394241,2025-06-04
4692759896965140290,2025-06-04
1954574044080790082,2025-06-04
7430951976169582016,2025-06-04
6341074104264852173,2025-06-04
5269222877690299204,2025-06-04
5332267584642577320,2025-06-04
6196961000847502784,2025-06-04
9016217269999190245,2025-06-04
936754186446804364,2025-06-04
2458979132178470400,2025-06-04
5188154048402067650,2025-06-04
7214779111113443649,2025-06-04
6566258848326421577,2025-06-04
1585271561336762631,2025-06-04
1585271561337030905,2025-06-04
6052843423965704521,2025-06-04
801651201304658768,2025-06-04
1585271561336930630,2025-06-04
6341074104264851725,2025-06-04
1585271561336647429,2025-06-04
1513216560753935319,2025-06-04
5197165587782267328,2025-06-04
5764614858704116186,2025-06-04
3900967167078630144,2025-06-04
648524241621891017,2025-06-05
1729388589032331985,2025-06-05
1585271561336841328,2025-06-05
1954573939019829505,2025-06-05
5053050012633474968,2025-06-05
6196960147642318811,2025-06-05
504410216844887574,2025-06-05
1585271561336730962,2025-06-05
5845683436459331784,2025-06-05
1585271561336652629,2025-06-05
5764614858704116186,2025-06-05
2305848744076623408,2025-06-05
6701361217345430046,2025-06-05
1513216560753935319,2025-06-05
4188358369920039902,2025-06-05
8367700322646866753,2025-06-05
3819059905448884510,2025-06-05
8935148960500687426,2025-06-05
1585271561337053502,2025-06-05
1523321506755270400,2025-06-05
7710168402041500482,2025-06-05
1585271561336756601,2025-06-05
1585271561336967196,2025-06-05
1450170178027016605,2025-06-05
1739855415287684224,2025-06-05
5269222877690299204,2025-06-05
1585271561337032322,2025-06-05
2738194092690289034,2025-06-05
360295029579446279,2025-06-05
6052843423965704179,2025-06-05
1585271561336997124,2025-06-05
1585271561337012619,2025-06-05
1729390231323623488,2025-06-05
6701361217345430749,2025-06-05
2305848744076623288,2025-06-05
2882311520272393920,2025-06-05
2305848744076623212,2025-06-05
875418803981039424,2025-06-05
5197165587782267328,2025-06-05
5917742103239452545,2025-06-05
1729388589032331985,2025-06-06
4107288419676846144,2025-06-06
1954573939019829505,2025-06-06
504410216844887574,2025-06-06
3467784171369747138,2025-06-06
2233792637557835906,2025-06-06
2377906299442911135,2025-06-06
3035439740714155136,2025-06-06
1585271561336656962,2025-06-06
1585271561337035030,2025-06-06
1954572816503618427,2025-06-06
2305848744076623408,2025-06-06
1585271561336987845,2025-06-06
4188358369920039902,2025-06-06
1585271561336658267,2025-06-06
1306054984423598366,2025-06-06
2233802556162053506,2025-06-06
7782225885427882465,2025-06-06
1585271561336883308,2025-06-06
6341074104264854111,2025-06-06
1585271561336967196,2025-06-06
1954574044080790082,2025-06-06
1585271561336801038,2025-06-06
8214571128982578588,2025-06-06
1585271561336879976,2025-06-06
2017618760585040015,2025-06-06
7061651277740080000,2025-06-06
1585271561336804690,2025-06-06
1585271561336836994,2025-06-06
1585271561336903348,2025-06-06
5413337214202460180,2025-06-06
153134419846811585,2025-06-06
1585271561337014587,2025-06-06
6052843423965704618,2025-06-06
2305848744076623212,2025-06-06
4188358933945245264,2025-06-06
5764614858704116186,2025-06-06
1585271561337034979,2025-06-07
2891323557308657986,2025-06-07
1450169730127850278,2025-06-07
9019569075743616,2025-06-07
1585271561336985866,2025-06-07
1882516134850618573,2025-06-07
7070663956211116160,2025-06-07
720583759961124417,2025-06-07
8800042911955348868,2025-06-07
7854284809238590800,2025-06-07
1585271561336660410,2025-06-07
4908937353777220800,2025-06-07
1729388141130525804,2025-06-07
8935148650840696384,2025-06-07
1585271561336824640,2025-06-07
8800699037240317312,2025-06-07
8502804186997688729,2025-06-07
3035438502080357056,2025-06-07
7214779111113442240,2025-06-07
1585271561337051847,2025-06-07
6052843423965704632,2025-06-07
1161942649620631617,2025-06-07
1585271561337028331,2025-06-07
1585271561336968320,2025-06-07
1585271561336659765,2025-06-07
1297043030334348571,2025-06-07
2604256311380796096,2025-06-07
1585274794412651714,2025-06-07
6629304165209879023,2025-06-07
513944013765524672,2025-06-07
2449965110012013066,2025-06-07
1224985242758498140,2025-06-07
1585271561336744637,2025-06-07
1585271561337044540,2025-06-07
5764614858704116186,2025-06-07
3098483602160404120,2025-06-08
1729388589032331985,2025-06-08
1585271561336642216,2025-06-08
1954573939019829505,2025-06-08
1585271561337012619,2025-06-08
225335593580788480,2025-06-08
1451738962565949888,2025-06-08
2099210640192620416,2025-06-08
1585271561337034979,2025-06-08
6998872468341592896,2025-06-08
8430746051069922433,2025-06-08
1513216560753935319,2025-06-08
8502804186997688729,2025-06-08
1729388141130525804,2025-06-08
7214778110251697795,2025-06-08
6341074104264852173,2025-06-08
1585271561336627008,2025-06-08
3251610565345318400,2025-06-08
6341072931965191817,2025-06-08
7782225973962771416,2025-06-08
226944985535436544,2025-06-08
1585271561336719051,2025-06-08
5629511854270500800,2025-06-08
1233998612444272577,2025-06-08
792639191900656782,2025-06-08
5269222877690299204,2025-06-08
1585271561336972954,2025-06-08
1585271561336938692,2025-06-08
7358893773874612354,2025-06-08
4611691438142762196,2025-06-08
6629304165209879023,2025-06-08
7791241212634245504,2025-06-08
5980787364025193058,2025-06-08
1585271561336929440,2025-06-08
6422145316800824194,2025-06-08
1585271561336862731,2025-06-08
1306357457811926976,2025-06-08
1585271561337037325,2025-06-08
1585271561336654937,2025-06-08
2305848744076622427,2025-06-08
1585271561337048914,2025-06-08
2738194092690289674,2025-06-08
8872103851395035073,2025-06-08
5764614858704116186,2025-06-08
1729388589032331985,2025-06-09
1954573939019829505,2025-06-09
1657332156207574273,2025-06-09
5557453419725369300,2025-06-09
1585271561336938924,2025-06-09
3242598857385037365,2025-06-09
1585271561336724594,2025-06-09
6629304165209878501,2025-06-09
1585271561336985149,2025-06-09
1585271561336628314,2025-06-09
6854489498627102104,2025-06-09
1585271561336710529,2025-06-09
1585271561336663672,2025-06-09
6629304165209876758,2025-06-09
936756002501340111,2025-06-09
288237434123658381,2025-06-09
1585271561337021433,2025-06-09
6341074104264852173,2025-06-09
1585271561336862511,2025-06-09
3026426929536380033,2025-06-09
5125154805357923008,2025-06-09
7782225973962771416,2025-06-09
7430951296027745216,2025-06-09
2963379536701494156,2025-06-09
5764614858704116186,2025-06-09
6629304165209877148,2025-06-09
1585271561336584729,2025-06-09
6196960147642319177,2025-06-09
1585271561337000450,2025-06-09
1585271561336807521,2025-06-09
5332267584642577440,2025-06-09
1585271561337041337,2025-06-09
5034735006870,2025-06-09
3891115984388077834,2025-06-09
4827866083748751168,2025-06-09
8502803222098581352,2025-06-09
2810253572328673729,2025-06-09
2738194092690289729,2025-06-09
1585271561337051825,2025-06-09
8295642745197945921,2025-06-09
792639191900656642,2025-06-09
1585271561337036739,2025-06-09
801651201304652617,2025-06-09
1585271561336963868,2025-06-09
1369101741337282579,2025-06-09
4262170472843736513,2025-06-09
8801587602994100992,2025-06-10
6629304165209877966,2025-06-10
4476589022556912544,2025-06-10
1585271561336999721,2025-06-10
6629304165209878014,2025-06-10
8791033531835245126,2025-06-10
5260209347646343066,2025-06-10
3242598857385037050,2025-06-10
1883240920244414016,2025-06-10
6629304165209877527,2025-06-10
1585271561336642047,2025-06-10
2305848744076623408,2025-06-10
6341074104264852718,2025-06-10
5548440520018748241,2025-06-10
1585274468154760705,2025-06-10
2891322904814630464,2025-06-10
3323668983293407040,2025-06-10
1585271561336917724,2025-06-10
1091468501617997632,2025-06-10
1585271561337047893,2025-06-10
5764614858704116186,2025-06-10
8935147025123496246,2025-06-10
7782227771083419777,2025-06-10
1585271561337012029,2025-06-10
1585271561336718351,2025-06-10
3891115984388077834,2025-06-10
3035438258777611137,2025-06-10
3107497533813582784,2025-06-10
1513216533926154380,2025-06-10
1585271561336696112,2025-06-10
9018347033772499,2025-06-10
2377907737160337217,2025-06-10
1585271561336762631,2025-06-10
7782225885427882784,2025-06-10
6998605980629640515,2025-06-10
6341074104264852173,2025-06-10
1585271561336998355,2025-06-10
5620498938025644488,2025-06-10
792639191900656652,2025-06-10
1585271561337023105,2025-06-10
3685463324911442112,2025-06-10
7926341023773842837,2025-06-11
1161942649620630720,2025-06-11
6494202667536140096,2025-06-11
874855854027596352,2025-06-11
1585271561337020491,2025-06-11
4404532838566919552,2025-06-11
6052843423965704248,2025-06-11
1585271561336667188,2025-06-11
6998872468341592896,2025-06-11
1729388589032331985,2025-06-11
6052843423965704462,2025-06-11
6494202711772197954,2025-06-11
7791239100327164288,2025-06-11
5034735007817,2025-06-11
1585271561336807123,2025-06-11
1585271561336959874,2025-06-11
513442094523561152,2025-06-11
5476384795035394075,2025-06-11
1585271561336992295,2025-06-11
6341074104264853553,2025-06-11
2963380775332161089,2025-06-11
1585271561337053502,2025-06-11
1450167894921152320,2025-06-11
7430950931072303937,2025-06-11
5629511959330151299,2025-06-11
1585271561336719294,2025-06-11
5764614858704116186,2025-06-11
4692759896965140290,2025-06-11
6629304165209878669,2025-06-11
7998397832613031942,2025-06-11
6701361217345429528,2025-06-11
1585271561336925889,2025-06-11
8583871661534034304,2025-06-11
4107288419676846176,2025-06-11
720583759961124417,2025-06-11
1080870969472001738,2025-06-11
1739916987938841344,2025-06-11
6052843423965704735,2025-06-11
2819265587255210048,2025-06-11
2963381151347023744,2025-06-11
4908937353777220800,2025-06-11
1585271561336920304,2025-06-11
2305848744076623178,2025-06-11
2242805481916280257,2025-06-11
1585271561337044540,2025-06-11
1585271561337032285,2025-06-12
720583759961119936,2025-06-12
8791033816660297281,2025-06-12
1729388589032331985,2025-06-12
7575065682304820290,2025-06-12
1585271561336969923,2025-06-12
5629511306838413568,2025-06-12
1585271561336642047,2025-06-12
7286835588169424727,2025-06-12
6052843423965704109,2025-06-12
513442094523561152,2025-06-12
1738402130114508865,2025-06-12
6341076387978128492,2025-06-12
6350087523696082048,2025-06-12
3098483602160404120,2025-06-12
1306054984423598601,2025-06-12
4899922101829706052,2025-06-12
3828751370547352448,2025-06-12
1297043030334348571,2025-06-12
432351254888982875,2025-06-12
1585271561336820883,2025-06-12
6566258848326421577,2025-06-12
5044039385649898752,2025-06-12
1585274296737055532,2025-06-12
945766992112357711,2025-06-12
1585271561336681215,2025-06-12
1585271561337012029,2025-06-12
5413337214202463640,2025-06-12
2738194092690289675,2025-06-12
9312040921243712,2025-06-12
1585271561337003848,2025-06-12
2748336010956710272,2025-06-12
1585271561337029424,2025-06-12
792639191900656750,2025-06-12
360295281038590396,2025-06-12
513421936608555392,2025-06-12
1585271561336886096,2025-06-12
441361688982367554,2025-06-13
1585271561337036442,2025-06-13
5629511959330150400,2025-06-13
1297043030334348571,2025-06-13
6278029365639505419,2025-06-13
6701361217345428237,2025-06-13
7277824762114538240,2025-06-13
1810455936995143616,2025-06-13
6052843423965704368,2025-06-13
6052843423965704521,2025-06-13
5629511450608996289,2025-06-13
8295642745197945921,2025-06-13
7286835588169424727,2025-06-13
369305952269615221,2025-06-13
3467784160333701762,2025-06-13
5701568878757408000,2025-06-13
2954367870147815627,2025-06-13
1585271561337042096,2025-06-13
3901257438148375808,2025-06-13
6557248561836698767,2025-06-13
5270923432208053120,2025-06-13
4899922101829706304,2025-06-13
1585271561336741967,2025-06-13
3098483602160404120,2025-06-13
6341074104264849939,2025-06-13
1513216560753935319,2025-06-13
1585271561336993873,2025-06-13
2748336010956710272,2025-06-13
6206643039465930496,2025-06-13
1585271561337002455,2025-06-13
1585271561337033691,2025-06-13
7998400403885849124,2025-06-13
4764820692635344322,2025-06-13
3035438529728160640,2025-06-13
1513216533926154380,2025-06-13
1585271561337040209,2025-06-13
1585271561336718380,2025-06-13
5332267584642577368,2025-06-13
4827866868944797761,2025-06-13
1585271561336876209,2025-06-13
1585271561337044540,2025-06-13
4611694214010660315,2025-06-13
576465923186619466,2025-06-13
648524241621891017,2025-06-14
1585271561336622143,2025-06-14
1882516134850618573,2025-06-14
297251194917919616,2025-06-14
3467783037797019533,2025-06-14
4764817325728901697,2025-06-14
576467810957597744,2025-06-14
441361688982367554,2025-06-14
2738194092690289029,2025-06-14
7647124459683662529,2025-06-14
1585271561336731388,2025-06-14
6206643039465930496,2025-06-14
8935147025123495532,2025-06-14
369305952269615221,2025-06-14
1585271561337026805,2025-06-14
6629304165209878726,2025-06-14
8718974580309866977,2025-06-14
1585271561337053502,2025-06-14
2531035327227284609,2025-06-14
7782225973962771416,2025-06-14
5764614858704116186,2025-06-14
3819059496266608833,2025-06-14
2748907845476333312,2025-06-14
3107495819638266880,2025-06-14
1513216560753935319,2025-06-14
9312040921243712,2025-06-14
6557248456781430976,2025-06-14
1585271561336627208,2025-06-14
1585271561336624659,2025-06-14
1513216533926154380,2025-06-14
1378112445748263814,2025-06-14
6629304165209879088,2025-06-14
360295281038589837,2025-06-14
1954573939019829505,2025-06-14
1162022737893971328,2025-06-14
7061651277740082625,2025-06-14
3242598926442263232,2025-06-14
8502804186997688729,2025-06-14
6341074104264855981,2025-06-14
6629304165209877823,2025-06-14
6701361217345430577,2025-06-14
585481725913663553,2025-06-14
6341075541957838272,2025-06-14
3251612677654324864,2025-06-15
6701361217345430741,2025-06-15
2819265432429086788,2025-06-15
1585271561336614331,2025-06-15
4621640328968043265,2025-06-15
2738194092690289029,2025-06-15
1729388589032331985,2025-06-15
8080580897359013440,2025-06-15
5629511854270500800,2025-06-15
8935147025123495532,2025-06-15
7719181224280449171,2025-06-15
3611898983435468929,2025-06-15
8727990074356780608,2025-06-15
4323463152188622601,2025-06-15
1585271561336634007,2025-06-15
4764817325728907136,2025-06-15
875138280095426112,2025-06-15
504410762191816834,2025-06-15
1585271561337046081,2025-06-15
1585271561336660303,2025-06-15
2963380814038309056,2025-06-15
9007204635750639324,2025-06-15
1585271561336888673,2025-06-15
5053051190437830144,2025-06-15
1585271561337020096,2025-06-15
4611694214010660315,2025-06-15
792640588831739528,2025-06-15
7935353481075752017,2025-06-15
2531033574337164671,2025-06-15
5548440785500526684,2025-06-15
1513216533926154380,2025-06-15
7286836340193212928,2025-06-15
6629304165209877317,2025-06-15
1585271561336777509,2025-06-15
6341074104264850600,2025-06-15
7863296014223308827,2025-06-15
5629511306838413568,2025-06-15
4116489126782834816,2025-06-15
3891117339130576153,2025-06-15
5116096277414531330,2025-06-15
1585271561336744637,2025-06-15
1585271561336631758,2025-06-15
7566064520488142175,2025-06-16
6629304165209877571,2025-06-16
441939118833085120,2025-06-16
1585271561337014587,2025-06-16
8070458324181978690,2025-06-16
4611691438142762186,2025-06-16
1585271561336833490,2025-06-16
288237434123658381,2025-06-16
5269222877690299218,2025-06-16
1954572816503618427,2025-06-16
1585271561336628314,2025-06-16
4261580498707044544,2025-06-16
369305952269615221,2025-06-16
1585271561336969686,2025-06-16
6422145316800824449,2025-06-16
2882320808503180353,2025-06-16
792639191900656642,2025-06-16
3314654999816724446,2025-06-16
1585271561336654772,2025-06-16
1585271561337010554,2025-06-16
1585271561337036299,2025-06-16
1585271561336736404,2025-06-16
6341074104264852773,2025-06-16
1585271561336836994,2025-06-16
1585271561337020096,2025-06-16
6710375698481685377,2025-06-16
1585271561336876209,2025-06-16
6413133404652387490,2025-06-16
1441159783276051102,2025-06-16
1585271561336774318,2025-06-16
2594080657514832640,2025-06-16
5620498938025644488,2025-06-16
8935147025123497195,2025-06-16
6629304165209877384,2025-06-16
7719183762365542209,2025-06-16
1585271561336586966,2025-06-16
6052843385257647299,2025-06-16
576465923186619466,2025-06-16
5197166057798798400,2025-06-17
1585271561336724594,2025-06-17
2748424060360082112,2025-06-17
360293373317682235,2025-06-17
6061857247078127296,2025-06-17
5701568878757408000,2025-06-17
6205969366230462656,2025-06-17
7998400403885850012,2025-06-17
5332267584642577435,2025-06-17
7926341023773842770,2025-06-17
8791033531835244806,2025-06-17
7638112022221129555,2025-06-17
5414405334764342208,2025-06-17
5034735007627,2025-06-17
8872102557463947648,2025-06-17
7719181970776511680,2025-06-17
875163993763721408,2025-06-17
5034735007817,2025-06-17
7286835588169424727,2025-06-17
2738194092690289085,2025-06-17
7070664730355258752,2025-06-17
1585271561336746677,2025-06-17
8295642745197943488,2025-06-17
6629304165209877571,2025-06-17
1523321506755270400,2025-06-17
8502804186997688729,2025-06-17
3819059905448884510,2025-06-17
1585271561336993873,2025-06-17
1585271561337003723,2025-06-17
2233791780476071135,2025-06-17
1585271561336736404,2025-06-17
3828751370547352448,2025-06-17
5034735006795,2025-06-17
4980991965168188033,2025-06-17
1585271561336642216,2025-06-17
1585271561336669657,2025-06-17
2819264099792802147,2025-06-17
1585271561336650970,2025-06-17
1585271561336592787,2025-06-17
792640928209095042,2025-06-17
1450169730127850278,2025-06-17
9089624774756751424,2025-06-17
1585271561336973230,2025-06-17
1585271561336790289,2025-06-17
7023315206338,2025-06-17
1882713154663059137,2025-06-17
6052843423965704511,2025-06-18
8872102557463947648,2025-06-18
3036601422180555840,2025-06-18
7647124459683660480,2025-06-18
1234000039061637954,2025-06-18
1585271561336983258,2025-06-18
1585271561337037325,2025-06-18
1585271561337011630,2025-06-18
2738194092690289787,2025-06-18
1585271561336946807,2025-06-18
6052843423965704632,2025-06-18
6701361217345430067,2025-06-18
1585271561336695605,2025-06-18
1585271561336904255,2025-06-18
1513217089771005832,2025-06-18
1585271561336969923,2025-06-18
360293909705804778,2025-06-18
3963175104584408256,2025-06-18
1585271561337035273,2025-06-18
1585271561337001691,2025-06-18
1585271561336856398,2025-06-18
4188358369920040000,2025-06-18
6052843423965704462,2025-06-18
6566260438521655683,2025-06-18
4332475200292245888,2025-06-18
1585271561337010551,2025-06-18
225192423096543809,2025-06-18
1585271561336625393,2025-06-18
2098691289167688961,2025-06-18
504410762191814656,2025-06-18
7791241212634246529,2025-06-18
2882310110228255683,2025-06-18
441361688982367554,2025-06-18
6629304165209876826,2025-06-18
6133914376630410496,2025-06-18
1513216533926154380,2025-06-18
1585271561336660303,2025-06-18
1450168049750223233,2025-06-18
5269222910863619076,2025-06-18
6566260261574333184,2025-06-18
3386713974243437648,2025-06-18
1585271561337043451,2025-06-18
7421937771504245301,2025-06-18
6557246880847484935,2025-06-18
2315489650033962432,2025-06-18
4620705515620634944,2025-06-19
3891115984388077661,2025-06-19
5332269640145455234,2025-06-19
1585274468154760783,2025-06-19
1585271561336654772,2025-06-19
6052843423965704632,2025-06-19
1810455936995143616,2025-06-19
1585271561336997124,2025-06-19
6196958805535046283,2025-06-19
1873514873511094208,2025-06-19
1585271561337028235,2025-06-19
1585271561337001691,2025-06-19
8367698818594834445,2025-06-19
1585271561337040624,2025-06-19
801653064789417922,2025-06-19
875138280095426112,2025-06-19
1585271561336931686,2025-06-19
2377908555547499394,2025-06-19
7782225973962771416,2025-06-19
1585271561336878328,2025-06-19
1513216560753935319,2025-06-19
5413337214202459316,2025-06-19
7277824441388353957,2025-06-19
7719183485888315392,2025-06-19
1585271561336931680,2025-06-19
8224185895451025024,2025-06-19
2305850098877774871,2025-06-19
6341074104264852220,2025-06-19
1306055321721055829,2025-06-19
1585271561337012029,2025-06-19
1585271561337011630,2025-06-19
1585271561336660303,2025-06-19
9079264347632290320,2025-06-19
3891115984388077709,2025-06-19
8214571128982578588,2025-06-19
3035436765780351298,2025-06-19
1585271561337041337,2025-06-19
1585271561336969923,2025-06-19
1585271561336863782,2025-06-19
3035438529728160640,2025-06-19
1585271561336969686,2025-06-19
1585271561336762631,2025-06-19
6783543574302617344,2025-06-19
6629304165209878003,2025-06-20
3891115984388077661,2025-06-20
7647124459683657921,2025-06-20
1585271561336592787,2025-06-20
2244144434469039809,2025-06-20
3098483602160404038,2025-06-20
576465923186619467,2025-06-20
5332267584642577160,2025-06-20
1585271561336985149,2025-06-20
2963380775332161280,2025-06-20
4980991965168188033,2025-06-20
5034735006958,2025-06-20
8367698818594834445,2025-06-20
6341074104264852291,2025-06-20
4622291239851715456,2025-06-20
1657332156207575424,2025-06-20
801649609405801345,2025-06-20
4332475200292245888,2025-06-20
1585271561337010551,2025-06-20
4611694214010660315,2025-06-20
5764614858704116186,2025-06-20
8367699576150633536,2025-06-20
1378113689911307329,2025-06-20
1585271561336970540,2025-06-20
2748907845476333312,2025-06-20
5269222877690299204,2025-06-20
3819059496266610048,2025-06-20
1585271561336746677,2025-06-20
3901257438148375808,2025-06-20
2531035227693136707,2025-06-20
7782225973962770785,2025-06-20
8872102004503143605,2025-06-20
1882516134850618573,2025-06-20
6998605980629641348,2025-06-20
4044244464717265088,2025-06-20
8223586069075348224,2025-06-20
1585271561336866458,2025-06-20
7023315206465,2025-06-20
3900131062701345664,2025-06-20
4107288419676846176,2025-06-20
5476384795035394075,2025-06-20
1585271561336723410,2025-06-20
8358687146521034642,2025-06-20
4395519496552296004,2025-06-20
2954367870147815886,2025-06-20
1585271561337048914,2025-06-21
5701569099948064513,2025-06-21
4611691438142762186,2025-06-21
7421937246199384709,2025-06-21
5034735006047,2025-06-21
2594080657514832640,2025-06-21
2386918729101108450,2025-06-21
7358893580340062016,2025-06-21
4107288419676846091,2025-06-21
8367700322646865281,2025-06-21
4261580498707044544,2025-06-21
1585271561336724068,2025-06-21
1585274128146009431,2025-06-21
1594285565167033075,2025-06-21
1585271561337040624,2025-06-21
5034735007830,2025-06-21
1585271561336779155,2025-06-21
1522327548243721536,2025-06-21
1585271561336822754,2025-06-21
1585271561337025775,2025-06-21
3828751370547352448,2025-06-21
7791241212634249536,2025-06-21
2017618760585040015,2025-06-21
4188358369920040000,2025-06-21
3107700341612065664,2025-06-21
7926341023773842820,2025-06-21
1585271561337041337,2025-06-21
1585271561336969923,2025-06-21
7277824762114538048,2025-06-21
4620705515620634944,2025-06-21
1306055321721055758,2025-06-21
1585271561337012029,2025-06-21
6341074104264854520,2025-06-21
1585271561336902933,2025-06-21
8214571128982578588,2025-06-21
3901002130266983232,2025-06-21
6341074104264852368,2025-06-21
3035438529728160640,2025-06-21
6495489739328867520,2025-06-21
3747001954464117701,2025-06-22
6629304165209877199,2025-06-22
7638112022221129555,2025-06-22
7791241212634245504,2025-06-22
1369101741337283911,2025-06-22
1729388589032331985,2025-06-22
2305848744076622362,2025-06-22
1585271561336985149,2025-06-22
2963380775332161280,2025-06-22
5269222877690299145,2025-06-22
1585271561337043287,2025-06-22
1585271561337049104,2025-06-22
8223585134570190914,2025-06-22
1369101741337283412,2025-06-22
3530830270264483540,2025-06-22
1585271561337041337,2025-06-22
1306055321721055745,2025-06-22
1585271561337010551,2025-06-22
1739916987938841344,2025-06-22
1585271561336969570,2025-06-22
2233792554604319486,2025-06-22
3828751370547352448,2025-06-22
7286835588169424548,2025-06-22
7493998014236517538,2025-06-22
6278059259680440000,2025-06-22
6629305709414973060,2025-06-22
8225047575261536961,2025-06-22
5764614858704116186,2025-06-22
1585271561336670693,2025-06-22
432351254888982817,2025-06-22
7023315206465,2025-06-22
8502804186997688729,2025-06-22
875393366793077760,2025-06-22
8935147025123496477,2025-06-22
4467576858342743369,2025-06-22
1585271561336866507,2025-06-22
8718974580309867102,2025-06-22
1585271561336714379,2025-06-22
5413337214202460145,2025-06-23
4838305200156299200,2025-06-23
6341072931965191627,2025-06-23
2747206450459321889,2025-06-23
1585271561336915000,2025-06-23
6629304165209877750,2025-06-23
2738194092690289675,2025-06-23
8142515912690094339,2025-06-23
4323463152188622715,2025-06-23
792638202104534850,2025-06-23
1585271561336876209,2025-06-23
360293909705804580,2025-06-23
7133708794362771648,2025-06-23
2305848744076622362,2025-06-23
4404534342618501632,2025-06-23
6701361217345429307,2025-06-23
7215494154939420416,2025-06-23
6196958805535046283,2025-06-23
1729388589032331985,2025-06-23
1585271561337054131,2025-06-23
2017618760585038672,2025-06-23
2675636617315321920,2025-06-23
7782225973962771416,2025-06-23
5764614858704116186,2025-06-23
1585271561336969570,2025-06-23
5034735007113,2025-06-23
225188978579824128,2025-06-23
4692759896965140290,2025-06-23
2531033574337167351,2025-06-23
5034735007785,2025-06-23
3530830270264483540,2025-06-23
6341074104264854106,2025-06-23
2305848744076623036,2025-06-23
4548647573216177728,2025-06-23
5197165831092178176,2025-06-23
6701361217345429380,2025-06-23
1882516134850618572,2025-06-23
7493996875135986974,2025-06-23
4107288419676846144,2025-06-23
1585271561337043788,2025-06-23
1585271561336995359,2025-06-23
7926341023773842989,2025-06-23
6701361217345428273,2025-06-23
9007207445622427913,2025-06-24
1585271561336921162,2025-06-24
5270070211184864256,2025-06-24
1585271561336867515,2025-06-24
2458979315686200704,2025-06-24
1585271561336918934,2025-06-24
6629304165209877649,2025-06-24
8791033531835244932,2025-06-24
1585271561337020061,2025-06-24
5629511959330150785,2025-06-24
2305848744076622153,2025-06-24
4693486955013172224,2025-06-24
504410762191816834,2025-06-24
1008811808132899372,2025-06-24
874153117676898432,2025-06-24
8944162424173818048,2025-06-24
4692759896965140290,2025-06-24
7493998014236517538,2025-06-24
2676736128943147201,2025-06-24
792639191900656642,2025-06-24
1873514873511094208,2025-06-24
6566258848326459850,2025-06-24
936755082263721926,2025-06-24
1585271561337009833,2025-06-24
2882311520272393922,2025-06-24
1585271561337003232,2025-06-24
1739916987938841344,2025-06-24
2170746759837790082,2025-06-24
5034735006857,2025-06-24
1585271561337040881,2025-06-24
2170747290681326786,2025-06-24
1091126305548750145,2025-06-24
2522023113242143554,2025-06-24
4683750671725055367,2025-06-24
6701361217345428872,2025-06-24
648524241621891017,2025-06-25
5629512976778660864,2025-06-25
4107288419676846200,2025-06-25
3972187335165675456,2025-06-25
1585271561337001691,2025-06-25
5188154264055124614,2025-06-25
1585271561337043459,2025-06-25
6052843423965704808,2025-06-25
8007412236336258369,2025-06-25
5413337214202464315,2025-06-25
4404532838566918914,2025-06-25
5980787599406315060,2025-06-25
3035438529728160640,2025-06-25
6566258848326450200,2025-06-25
2963380775332161089,2025-06-25
1585271561336746720,2025-06-25
1585271561336814787,2025-06-25
4260416422919966855,2025-06-25
5270835593220710144,2025-06-25
1585271561336660303,2025-06-25
432351254888983589,2025-06-25
936756002501340901,2025-06-25
1739855415287684224,2025-06-25
1585271561337012029,2025-06-25
4693424934464380096,2025-06-25
1585271561336766040,2025-06-25
1585271561337011960,2025-06-25
6629304165209877181,2025-06-25
360295029579446279,2025-06-25
2882311404140241876,2025-06-25
1450169741182143061,2025-06-25
2305848744076623382,2025-06-25
1585271561337041337,2025-06-25
3674944142301961984,2025-06-25
7863297125675401793,2025-06-25
2170747290681326786,2025-06-25
585481725913662337,2025-06-25
8081099374713313537,2025-06-25
1585271561336699873,2025-06-25
648524241621891017,2025-06-26
1585271561336864392,2025-06-26
6629304165209877199,2025-06-26
1585271561336611199,2025-06-26
1585271561337001691,2025-06-26
8007412236336259136,2025-06-26
6052843423965704166,2025-06-26
1585271561336635010,2025-06-26
4476590604025634241,2025-06-26
1585271561336994462,2025-06-26
1585274423917697743,2025-06-26
2963380775332160449,2025-06-26
1585271561337012029,2025-06-26
6711292803523302144,2025-06-26
1522925682569256000,2025-06-26
4035232106963127754,2025-06-26
5629511854270500800,2025-06-26
7214779105578905474,2025-06-26
1585271561336969570,2025-06-26
1369101347001709768,2025-06-26
1738401046313161600,2025-06-26
4260416422919966855,2025-06-26
3828751370547352448,2025-06-26
513460228649263553,2025-06-26
6341074104264852173,2025-06-26
1306054984423598601,2025-06-26
3891115984388077661,2025-06-26
1585271561337011960,2025-06-26
1585271561336920304,2025-06-26
6135254097796734656,2025-06-26
729595702993863489,2025-06-26
1224996632231164864,2025-06-26
6196960145816224397,2025-06-26
792640751260989745,2025-06-26
5773626323495733378,2025-06-26
5620499395138991826,2025-06-26
3098483135638259031,2025-06-26
1513216533926154380,2025-06-26
2882308749924541139,2025-06-26
1585271561337045660,2025-06-27
1585271561337036442,2025-06-27
5188154264055125401,2025-06-27
6629304165209877199,2025-06-27
1585271561337001691,2025-06-27
4764817325728903810,2025-06-27
1585271561336946807,2025-06-27
2882308749924541122,2025-06-27
1585271561337043459,2025-06-27
1657331923961798658,2025-06-27
4827866083748761474,2025-06-27
7214779105578905474,2025-06-27
6341074104264851725,2025-06-27
1738401046313161600,2025-06-27
360295281038590306,2025-06-27
1585271561336603273,2025-06-27
864698737912134848,2025-06-27
5764614858704116186,2025-06-27
792639673001540995,2025-06-27
6926547750689293836,2025-06-27
1954572816503618427,2025-06-27
1585271561336792168,2025-06-27
1585271561337012029,2025-06-27
3747000630363940255,2025-06-27
4332475200292245888,2025-06-27
2315551200567472768,2025-06-27
2531035227693137728,2025-06-27
1585271561337036739,2025-06-27
873711825569141888,2025-06-27
1369101741337284103,2025-06-27
8079542958382304448,2025-06-27
6566260261574333184,2025-06-27
6629304165209877317,2025-06-27
3828751370547352448,2025-06-27
3539840753486241290,2025-06-27
2233791780476071135,2025-06-27
1161942649620631617,2025-06-27
875393366793077760,2025-06-27
1306055321721055769,2025-06-27
5269224016788673984,2025-06-27
7719183485888315392,2025-06-27
1585271561337045660,2025-06-28
6638988891232380672,2025-06-28
6196961100373024751,2025-06-28
1585271561336680874,2025-06-28
9007204635750639287,2025-06-28
3098483602160404038,2025-06-28
6207557987969165440,2025-06-28
648524241621891145,2025-06-28
5034735006226,2025-06-28
1585271561337043459,2025-06-28
3539841610578587776,2025-06-28
5053049603441781016,2025-06-28
2017618760585040015,2025-06-28
2305848744076622577,2025-06-28
5116096277414528843,2025-06-28
1729388589032331985,2025-06-28
1873504623131540673,2025-06-28
3684346221097551104,2025-06-28
1585271561336994479,2025-06-28
2233792731551793505,2025-06-28
5764614858704116186,2025-06-28
2316334052846495361,2025-06-28
1513216533926154380,2025-06-28
1594711382926345728,2025-06-28
2386918729101108450,2025-06-28
3828751370547352448,2025-06-28
1585271561336868304,2025-06-28
9079264895077392192,2025-06-28
7791241212634245504,2025-06-28
1585271561336777542,2025-06-28
6052843423965704708,2025-06-28
1585274296737054857,2025-06-28
1585271561336776582,2025-06-28
1162022737893971328,2025-06-28
1585271561336695605,2025-06-28
1306054984423598601,2025-06-28
6278112036238381505,2025-06-28
4107288419676846176,2025-06-28
1161942649620631617,2025-06-28
1585271561336731388,2025-06-28
2738194092690289729,2025-06-28
1585271561336994462,2025-06-28
1585271561337012029,2025-06-28
360293373317682253,2025-06-28
6485190517591018432,2025-06-29
7926341023773842781,2025-06-29
6052843423965704693,2025-06-29
6638317131229860104,2025-06-29
1585271561336850951,2025-06-29
5034735007925,2025-06-29
2594080757047245504,2025-06-29
6629305709414973060,2025-06-29
6341074104264854075,2025-06-29
7719180632607324117,2025-06-29
3891115984388077661,2025-06-29
8502803222098581352,2025-06-29
6629304165209876419,2025-06-29
2233791780476071135,2025-06-29
1585271561336992295,2025-06-29
6629304165209876750,2025-06-29
4035232106963127754,2025-06-29
2963380775332161280,2025-06-29
1585271561336928857,2025-06-29
657540071955486912,2025-06-29
1306054984423598601,2025-06-29
1585271561337010551,2025-06-29
1585271561336806084,2025-06-29
72064921482246402,2025-06-29
7719181970776511680,2025-06-29
8070458324181978690,2025-06-29
7070663956211113984,2025-06-29
7926341023773842837,2025-06-29
4260416422919966855,2025-06-29
2819264099792802147,2025-06-29
2099245824564710208,2025-06-29
5270835593220710144,2025-06-29
3819059496266608833,2025-06-29
1585271561336746677,2025-06-29
1306055918923481346,2025-06-29
153134419846816512,2025-06-29
3242598926442262465,2025-06-29
1585271561337033691,2025-06-29
8872102518756436180,2025-06-29
3035438502080357056,2025-06-29
3242598857385037365,2025-06-29
1089884978166964928,2025-06-29
5413337214202460227,2025-06-29
2738194092690289729,2025-06-29
8935147025123496488,2025-06-29
8791033899596156818,2025-06-29
2738194092690289798,2025-06-30
7133709247784472130,2025-06-30
2738194092690289087,2025-06-30
3386713074957469667,2025-06-30
6052843423965704734,2025-06-30
1882516134850618573,2025-06-30
1585271561337043459,2025-06-30
2233791780476071135,2025-06-30
8142515282311849090,2025-06-30
5269222877690299145,2025-06-30
1585271561336619618,2025-06-30
8079469907788942465,2025-06-30
7023315206273,2025-06-30
1729390231323623488,2025-06-30
2954367870147816203,2025-06-30
2675150653541831553,2025-06-30
2377906299442911070,2025-06-30
1008811791543195049,2025-06-30
7143207276249366976,2025-06-30
6629304165209876802,2025-06-30
2098690033949114112,2025-06-30
1585271561337026510,2025-06-30
2458977252122155712,2025-06-30
4692759896965140290,2025-06-30
3035438502080357056,2025-06-30
8935148650840696065,2025-06-30
8214572793405073281,2025-06-30
8224044820656961152,2025-06-30
6629304165209876489,2025-06-30
4548647573216187331,2025-06-30
2305848854728059780,2025-06-30
3747000630363940429,2025-06-30
153134419846816128,2025-06-30
8368529533113402112,2025-06-30
3251611007714856451,2025-06-30
1585271561337054131,2025-06-30
4179347521753441089,2025-06-30
4332926112403708992,2025-06-30
7286838098605874561,2025-06-30
2738194092690289798,2025-07-01
6494201578204133702,2025-07-01
8223869468442740672,2025-07-01
1585271561336938714,2025-07-01
6052843423965704794,2025-07-01
5476384795035394075,2025-07-01
1585271561336725651,2025-07-01
2819265587255210048,2025-07-01
1666343015431464592,2025-07-01
1585271561336701134,2025-07-01
8935147025123495532,2025-07-01
1585271561336918934,2025-07-01
1585271561337028235,2025-07-01
1594285565167033075,2025-07-01
1585271561337052789,2025-07-01
1585271561336993989,2025-07-01
1585271561336919630,2025-07-01
792640588831739337,2025-07-01
1585271561337038249,2025-07-01
7926341023773842837,2025-07-01
4260416422919966855,2025-07-01
6341074104264850458,2025-07-01
1585271561337025775,2025-07-01
1585271561337050448,2025-07-01
6052843423965704818,2025-07-01
7782225973962771564,2025-07-01
1585271561336766040,2025-07-01
2449965262016764108,2025-07-01
5548440520018748634,2025-07-01
2531035227693131200,2025-07-01
4909474836696566144,2025-07-01
1585271561337052322,2025-07-01
2531033574337168760,2025-07-01
8935147025123496911,2025-07-01
1019473315200956032,2025-07-01
5332267584642577440,2025-07-01
6629304165209878803,2025-07-01
1585271561336926709,2025-07-01
1585271561336981327,2025-07-01
8152048815860054656,2025-07-01
7286836179836408576,2025-07-01
1089883064924788352,2025-07-01
5270395666626698240,2025-07-01
6629304165209876517,2025-07-02
3828663409617125952,2025-07-02
6269016405102145735,2025-07-02
3395726040960867650,2025-07-02
2738194092690289068,2025-07-02
7000147901829877888,2025-07-02
5629511854270504897,2025-07-02
8142513767181259525,2025-07-02
1585271561336840314,2025-07-02
5836672953232509453,2025-07-02
6629304165209876826,2025-07-02
3901143088939080448,2025-07-02
3098483602160404120,2025-07-02
4179347521753440578,2025-07-02
1585271561336901830,2025-07-02
2233791780476071135,2025-07-02
1018435448109585216,2025-07-02
5188154264055124614,2025-07-02
1585271561336884027,2025-07-02
2675151062732022592,2025-07-02
2458979315686200704,2025-07-02
6917536399313464325,2025-07-02
1091468501617997632,2025-07-02
1306295885160768256,2025-07-02
3828575448686900736,2025-07-02
1585271561336678240,2025-07-02
360295281038589900,2025-07-02
6341072931965192634,2025-07-02
7358893580340050752,2025-07-02
5701569099948068097,2025-07-02
8152383067394922560,2025-07-02
3468244200291165952,2025-07-02
792639191900656642,2025-07-02
2305848744076623224,2025-07-02
947485702835762688,2025-07-02
2819265587255210048,2025-07-02
4332926112403708992,2025-07-02
5629511306838412928,2025-07-02
5332267584642577230,2025-07-02
2233792554604317953,2025-07-03
441361688982367554,2025-07-03
5034735007916,2025-07-03
1585271561336724594,2025-07-03
5413337214202460341,2025-07-03
1585271561337023476,2025-07-03
5269222877690299218,2025-07-03
8439756777586741417,2025-07-03
7719182861041704320,2025-07-03
7647123547297071040,2025-07-03
3963175104584409603,2025-07-03
3468718719298082880,2025-07-03
6124902627122867736,2025-07-03
5917740709778643984,2025-07-03
1594285565167033075,2025-07-03
2531035227693138307,2025-07-03
9007204939872883344,2025-07-03
1585271561336904981,2025-07-03
6629305121846238152,2025-07-03
442149976233456704,2025-07-03
6557248561836698632,2025-07-03
1585271561336997909,2025-07-03
4107288419676846194,2025-07-03
1585271561336641826,2025-07-03
3035438502080357056,2025-07-03
2386920338217059969,2025-07-03
1585271561336939603,2025-07-03
2594078274238795017,2025-07-03
2882308749924541139,2025-07-03
4404532838566918914,2025-07-03
144121238185983639,2025-07-03
1585271561336931900,2025-07-03
6341072931965192634,2025-07-03
1008811791543195028,2025-07-03
4620705504559295296,2025-07-03
5332267584642577440,2025-07-03
1585271561336804690,2025-07-03
5034735006935,2025-07-03
2819265587255210048,2025-07-03
6629304165209877363,2025-07-03
3108246362931170048,2025-07-03
3035438529728160640,2025-07-03
2738194092690289729,2025-07-03
2017618760585039891,2025-07-03
1666345658585356481,2025-07-03
5053051273388341058,2025-07-03
7935354974073821186,2025-07-04
2738194092690289068,2025-07-04
5908729607245342093,2025-07-04
1585271561336724594,2025-07-04
7144069293365582592,2025-07-04
1523321506755270400,2025-07-04
7277824441388353957,2025-07-04
1585271561336948257,2025-07-04
792639191900656748,2025-07-04
3179555360094860800,2025-07-04
4179347521753441089,2025-07-04
5413337214202460145,2025-07-04
1585271561336866220,2025-07-04
6710896979337277376,2025-07-04
1585271561336939603,2025-07-04
5044039385649898752,2025-07-04
3467784016540725312,2025-07-04
1585271561336964590,2025-07-04
1585271561337043461,2025-07-04
4404534071669054080,2025-07-04
5034735006834,2025-07-04
6196960147642319177,2025-07-04
3674945297996420289,2025-07-04
6052843385257647299,2025-07-04
2458979132178470784,2025-07-04
3539842169068608384,2025-07-04
5332267584642577440,2025-07-04
2305848744076623288,2025-07-04
5332267584642577171,2025-07-04
4404532600794809539,2025-07-04
6999901611225248000,2025-07-04
2882311520272393920,2025-07-04
5629511306838413568,2025-07-04
1585271561336969686,2025-07-04
3828751370547352448,2025-07-04
1585271561336725726,2025-07-04
2315410463079109376,2025-07-04
6495489739328867520,2025-07-04
7503010593180864128,2025-07-04
1522229159996371777,2025-07-05
4844634155853,2025-07-05
2738194092690289068,2025-07-05
2819265432429078465,2025-07-05
3963175088006360577,2025-07-05
1585271561337045199,2025-07-05
1513216851998781849,2025-07-05
6413133404652391365,2025-07-05
1585271561336808997,2025-07-05
6052843423965704462,2025-07-05
3035436765780351298,2025-07-05
5413337214202462261,2025-07-05
4620705515620634944,2025-07-05
5332267584642577308,2025-07-05
6052843423965704109,2025-07-05
6710896979337277376,2025-07-05
7358893773874616321,2025-07-05
3530829233426743327,2025-07-05
1585271561336707200,2025-07-05
1585271561337038249,2025-07-05
1594285565167032960,2025-07-05
2531033574337167351,2025-07-05
1585271561337001875,2025-07-05
5413337214202459316,2025-07-05
6557246880847484935,2025-07-05
8214571128982578588,2025-07-05
3891117339130576665,2025-07-05
1945560541685068999,2025-07-05
5413337214202460341,2025-07-05
2531033574337168760,2025-07-05
5034735006231,2025-07-05
6999901611225248000,2025-07-05
6052843423965704118,2025-07-05
6341075541957838209,2025-07-05
6629304165209878003,2025-07-05
6845478451388876609,2025-07-05
1585271561336828598,2025-07-05
1585271561336630741,2025-07-05
6341074104264853985,2025-07-05
2089677781257940480,2025-07-05
8152048815860054656,2025-07-05
9007204939872883111,2025-07-05
6341074104264852080,2025-07-05
4910416013119984512,2025-07-05
7503010593180864128,2025-07-05
648524241621891017,2025-07-06
1585271561337020021,2025-07-06
4332475200292245888,2025-07-06
8800241640403122304,2025-07-06
6638980277616768960,2025-07-06
2449965110012013004,2025-07-06
5764614806234615889,2025-07-06
2377906299442911070,2025-07-06
360293909705804580,2025-07-06
2963380775332161280,2025-07-06
6629304165209876517,2025-07-06
1585274042383174016,2025-07-06
5413337214202460210,2025-07-06
576467810957597286,2025-07-06
2810253572328674212,2025-07-06
2531033574337167351,2025-07-06
1585271561336914956,2025-07-06
5034735007919,2025-07-06
1585271561336952833,2025-07-06
3747000630363940380,2025-07-06
5270835593220710144,2025-07-06
2458979315686200704,2025-07-06
7864636896608235520,2025-07-06
4683751465214273270,2025-07-06
2305848744076622743,2025-07-06
5980787599406314757,2025-07-06
7070663956211113984,2025-07-06
1729388589032331985,2025-07-06
2387572825029727232,2025-07-06
1738403280270865088,2025-07-06
3602897003238989568,2025-07-06
5269223972552621378,2025-07-06
1585271561336818045,2025-07-06
4910442406929061440,2025-07-06
1738401389149752705,2025-07-06
3602887643133244608,2025-07-06
6557248337293371808,2025-07-06
3026426229517363974,2025-07-06
4844634155853,2025-07-06
1585271561336979665,2025-07-06
2305848744076623062,2025-07-06
4251405386734625175,2025-07-06
875138280095426112,2025-07-06
3035436765780351298,2025-07-06
2388215708434570752,2025-07-06
1738421652124963520,2025-07-07
5557454354232677057,2025-07-07
2531033574337168760,2025-07-07
226944985535436544,2025-07-07
1585271561336944156,2025-07-07
3467783911479848960,2025-07-07
1585271561337001691,2025-07-07
4035232106963127754,2025-07-07
1585271561337030686,2025-07-07
4980991965168188033,2025-07-07
3539840841963987485,2025-07-07
1585271561336729255,2025-07-07
6052843423965704327,2025-07-07
1585271561336724594,2025-07-07
5188154264055125095,2025-07-07
2449965668495115531,2025-07-07
1585271561336611272,2025-07-07
1585271561336704203,2025-07-07
1585271561336792168,2025-07-07
1729388589032331985,2025-07-07
5413337214202462653,2025-07-07
4261158474248281664,2025-07-07
5034735006952,2025-07-07
1585271561336864794,2025-07-07
5034735007916,2025-07-07
6052843423965704808,2025-07-07
6350087783588512771,2025-07-07
4188356816114176577,2025-07-07
5845684785681182273,2025-07-07
1585271561337011676,2025-07-07
7575067590023580160,2025-07-07
7710169620418934980,2025-07-07
1585271561336955294,2025-07-07
1585271561336931287,2025-07-07
8511814487741101120,2025-07-07
7503010266935193344,2025-07-07
1738401389149752705,2025-07-07
1585271561336878328,2025-07-07
5269224077618120451,2025-07-07
2315410463079109376,2025-07-07
5034735007817,2025-07-07
1585271561336979665,2025-07-07
4323463152188622760,2025-07-07
2244513240001046080,2025-07-07
6341072931965192050,2025-07-07
648524241621891017,2025-07-08
1594286234250459457,2025-07-08
1585271561336914367,2025-07-08
7791239785997585409,2025-07-08
7431191002371138496,2025-07-08
1585271561337039694,2025-07-08
1585271561336870094,2025-07-08
2531033574337167351,2025-07-08
1585271561336965388,2025-07-08
1585271561336925056,2025-07-08
5413337214202460341,2025-07-08
72064849589778856,2025-07-08
7864636896608235520,2025-07-08
4611691438142762186,2025-07-08
658428477350794816,2025-07-08
1585271561336724594,2025-07-08
4107288419676846194,2025-07-08
2738194092690289674,2025-07-08
2675151062732022592,2025-07-08
1585271561336792168,2025-07-08
5034735007817,2025-07-08
5332267584642577308,2025-07-08
5034735006193,2025-07-08
4908932640371863937,2025-07-08
6629304165209876826,2025-07-08
144122509983743747,2025-07-08
7070663956211113984,2025-07-08
1945562604242967745,2025-07-08
3035438529728160640,2025-07-08
1161939912461327437,2025-07-08
6629304165209876671,2025-07-08
4836877772415165249,2025-07-08
8511814487741101120,2025-07-08
4260414509684124353,2025-07-08
1585271561336699492,2025-07-08
7782225885427882465,2025-07-08
4908934288185497197,2025-07-08
6052843385257647299,2025-07-08
7566064520488142175,2025-07-09
1018963141805652736,2025-07-09
2089678234678291312,2025-07-09
6638317131229860104,2025-07-09
2738194092690289674,2025-07-09
1585271561336867515,2025-07-09
6206643039465930496,2025-07-09
2098688032227592276,2025-07-09
2810263319524575168,2025-07-09
1585271561337012619,2025-07-09
441365747090418625,2025-07-09
4332475006756913344,2025-07-09
3314656874364763101,2025-07-09
1585271561336879976,2025-07-09
5989799398687552961,2025-07-09
5034735006047,2025-07-09
1585271561337038249,2025-07-09
6052843423965704462,2025-07-09
2531033574337167351,2025-07-09
1585271561336683089,2025-07-09
3242598857385035990,2025-07-09
9079264895077392448,2025-07-09
4621288485247139456,2025-07-09
2305848744076624127,2025-07-09
1585271561337013050,2025-07-09
5034735007817,2025-07-09
6845478458367164868,2025-07-09
5980785973690676498,2025-07-09
6485190696845707603,2025-07-09
7719182053721744961,2025-07-09
1585271561336612931,2025-07-09
6701361217345430160,2025-07-09
1585271561336807521,2025-07-09
1594286942038495744,2025-07-09
1585271561336662224,2025-07-09
6052843423965704130,2025-07-09
6052843423965704707,2025-07-09
1585271561337012029,2025-07-09
8944159714662945224,2025-07-09
4107288419676846176,2025-07-09
792640588831739337,2025-07-09
6341074104264853876,2025-07-09
3395728048205573378,2025-07-09
648524241621891017,2025-07-10
360293909705804574,2025-07-10
1954573939019829505,2025-07-10
2522022820172102402,2025-07-10
1585271561337039694,2025-07-10
8070458324181978240,2025-07-10
6341074104264855340,2025-07-10
6133915128677088577,2025-07-10
1585271561336799081,2025-07-10
1585271561337042959,2025-07-10
6052843423965704511,2025-07-10
1585271561337012619,2025-07-10
4694146125618540160,2025-07-10
5054355268277353088,2025-07-10
4692762982476710785,2025-07-10
8511814487741101120,2025-07-10
369305952269615221,2025-07-10
5332267584642577351,2025-07-10
7277824441388353947,2025-07-10
1729388589032331985,2025-07-10
2458979315686200704,2025-07-10
1585271561336678240,2025-07-10
6629304165209877384,2025-07-10
1585271561337003723,2025-07-10
1585271561337036299,2025-07-10
5836672477688188876,2025-07-10
4261308455727522880,2025-07-10
4692762982476714115,2025-07-10
5413337214202463497,2025-07-10
1585271561337011960,2025-07-10
7277824762114540928,2025-07-10
1585271561337012374,2025-07-10
288237434123658753,2025-07-10
7864962540055736384,2025-07-10
5034735005514,2025-07-10
4755806029018135186,2025-07-10
936754186446804199,2025-07-10
1441159783276051102,2025-07-10
6341074104264854133,2025-07-10
6629304165209876826,2025-07-10
2089678234678291312,2025-07-10
1585271561336872859,2025-07-10
1585271561337013050,2025-07-10
1585271561336720000,2025-07-11
9079264347632290274,2025-07-11
1585271561337000671,2025-07-11
6052843423965704462,2025-07-11
1585271561336969686,2025-07-11
1729388589032331985,2025-07-11
2891324740640621377,2025-07-11
2170747290681326786,2025-07-11
3098483602160404120,2025-07-11
1585271561337021320,2025-07-11
5034735006434,2025-07-11
1585271561337001691,2025-07-11
1585271561336939603,2025-07-11
1585271561336908131,2025-07-11
1585271561336876649,2025-07-11
6701361217345428273,2025-07-11
6269016405102145806,2025-07-11
7430951296027747392,2025-07-11
8800699037240317312,2025-07-11
9016219708573634752,2025-07-11
6196958805535046227,2025-07-11
6341072931965191782,2025-07-11
2738194092690289029,2025-07-11
7214778265081628545,2025-07-11
1585271561337012619,2025-07-11
2315410463079109376,2025-07-11
6629304165209876826,2025-07-11
10367801240473920,2025-07-11
360293909705804778,2025-07-11
6485190696845707603,2025-07-11
8935147025123497543,2025-07-11
3530829233426742997,2025-07-11
8935148960500687616,2025-07-11
1224986448198666823,2025-07-11
6341074104264854133,2025-07-11
2089678234678291312,2025-07-11
2305848744076623255,2025-07-11
658807267859499264,2025-07-12
7430953319858640640,2025-07-12
4981083796812416512,2025-07-12
6629304165209877384,2025-07-12
6629304165209876826,2025-07-12
1585271561336613792,2025-07-12
360293909705804905,2025-07-12
3684346221097551104,2025-07-12
2170746759837790082,2025-07-12
5269222286023384583,2025-07-12
4908937353777222208,2025-07-12
5034735007817,2025-07-12
4549890603715378880,2025-07-12
2242804895778101824,2025-07-12
9989555737518336,2025-07-12
1585271561337036299,2025-07-12
4844634155853,2025-07-12
1585271561336720000,2025-07-12
1585271561337027685,2025-07-12
2594081276821790073,2025-07-12
7277824441388354409,2025-07-12
4692759896965140290,2025-07-12
5413338585548960451,2025-07-12
2377907662666834967,2025-07-12
3963175209649622991,2025-07-12
9088275953371785088,2025-07-12
3674945297996420289,2025-07-12
2531033574337168760,2025-07-12
5332267584642577320,2025-07-12
5773626760334395267,2025-07-12
3035438529728160640,2025-07-12
7430951273908204928,2025-07-12
1954573939019829505,2025-07-12
9089272665615484736,2025-07-12
4982218476223735616,2025-07-12
7133709247784472837,2025-07-12
648524241621891017,2025-07-13
5548441990942657024,2025-07-13
8800233530290716352,2025-07-13
1369101741337283911,2025-07-13
1585271561337038886,2025-07-13
1369101741337283461,2025-07-13
1729388589032331653,2025-07-13
1585271561336768127,2025-07-13
1585271561336617155,2025-07-13
1523321506755270400,2025-07-13
7863297125675401793,2025-07-13
1585271561336609539,2025-07-13
1585271561336627947,2025-07-13
4107288419676846159,2025-07-13
4405396558794621376,2025-07-13
1873514497487928217,2025-07-13
1810459314961887296,2025-07-13
1585271561337003723,2025-07-13
7143550849188499200,2025-07-13
1585271561336670909,2025-07-13
2675150189059294145,2025-07-13
7349881720239710383,2025-07-13
1954574232086767297,2025-07-13
792639191900656652,2025-07-13
6629304165209878882,2025-07-13
4844634155853,2025-07-13
5404326610889164485,2025-07-13
8872103851395040128,2025-07-13
875147225487866496,2025-07-13
6052843385257647256,2025-07-13
1738401389149753088,2025-07-13
6629304165209877770,2025-07-13
5629511306838413568,2025-07-13
1306055277490833993,2025-07-13
1090465802309581504,2025-07-13
1585271561336837580,2025-07-13
945767318361640843,2025-07-13
6495489739328867520,2025-07-13
7430950931072305600,2025-07-13
4908934288185497160,2025-07-13
1585271561336720000,2025-07-14
6629304165209876610,2025-07-14
3819059496266608833,2025-07-14
1585271561337019454,2025-07-14
2531034624961077888,2025-07-14
2387608778016000320,2025-07-14
1585271561336883511,2025-07-14
1585271561337041337,2025-07-14
2315199378964214784,2025-07-14
1945561426443112146,2025-07-14
2594081260232705685,2025-07-14
1585271561337032273,2025-07-14
9007204939872883266,2025-07-14
4404532600794809539,2025-07-14
6629304165209879034,2025-07-14
1585271561336911990,2025-07-14
4116938418784426305,2025-07-14
1585271561336939603,2025-07-14
7143550849188499200,2025-07-14
5404326493215106822,2025-07-14
7421937771504245301,2025-07-14
4692759896965140290,2025-07-14
1585271561337003723,2025-07-14
3036618914833532544,2025-07-14
3756013447131138703,2025-07-14
1585271561336623837,2025-07-14
369305952269615221,2025-07-14
5053050012633475100,2025-07-14
6341074104264855981,2025-07-14
3756013319945360386,2025-07-14
1594286228719943873,2025-07-14
4908935609760526337,2025-07-14
1585271561336706622,2025-07-14
6629304165209876671,2025-07-14
801651201304652617,2025-07-14
5116096277414530244,2025-07-14
801651201304655310,2025-07-14
3891115984388077708,2025-07-14
5548440520018748299,2025-07-14
1729388589032332138,2025-07-14
576465923186619464,2025-07-14
5836672477688188876,2025-07-14
6629304165209878341,2025-07-14
442932828512505024,2025-07-14
947380652970629312,2025-07-14
8583871904837544942,2025-07-15
2738194092690289068,2025-07-15
8718974580309866967,2025-07-15
1585271561336907146,2025-07-15
1585271561336806379,2025-07-15
2954367870147815756,2025-07-15
2386920338217061377,2025-07-15
1585271561336957025,2025-07-15
5034735007817,2025-07-15
4899922101829706131,2025-07-15
4261457657532782784,2025-07-15
792640588831739337,2025-07-15
6061857291315687746,2025-07-15
5980787364025193058,2025-07-15
1666345658585355649,2025-07-15
442149976233456704,2025-07-15
5548441990942654369,2025-07-15
1585271561336878773,2025-07-15
2603093573757477760,2025-07-15
5845684785681180290,2025-07-15
6629304165209878341,2025-07-15
5034735006441,2025-07-15
2449965262016764108,2025-07-15
1585271561336670909,2025-07-15
5980785973690676498,2025-07-15
6413132924049771908,2025-07-15
2242804895778105476,2025-07-15
3901143088939080448,2025-07-15
1017827461544559489,2025-07-15
1441159783276051102,2025-07-15
1585271561336667284,2025-07-15
1585271561337041337,2025-07-15
1585271561337048914,2025-07-15
1585271561336991707,2025-07-15
4755806029018135186,2025-07-15
1585271561337039212,2025-07-15
6629304165209878736,2025-07-15
5034735007326,2025-07-15
442932828512505024,2025-07-15
1739855415287684224,2025-07-15
2594080439968917002,2025-07-15
1585271561336780648,2025-07-16
8944181243923981696,2025-07-16
1585271561337036299,2025-07-16
5116095088562074372,2025-07-16
6052843385257647256,2025-07-16
1585271561336714584,2025-07-16
802025055362232768,2025-07-16
5629513342402052418,2025-07-16
5034735007032,2025-07-16
8872100102946455617,2025-07-16
1585271561336647877,2025-07-16
802341714711045824,2025-07-16
6629304165209877571,2025-07-16
801652528411721920,2025-07-16
1729388589032331985,2025-07-16
2738194092690289707,2025-07-16
4764817325728907136,2025-07-16
1369101741337282579,2025-07-16
2738194092690289061,2025-07-16
5332267584642577308,2025-07-16
1585271561337037325,2025-07-16
6341072931965191986,2025-07-16
5836672953232509453,2025-07-16
1585271561337020021,2025-07-16
802429675641271424,2025-07-16
8728518817701585984,2025-07-16
3035713879421987200,2025-07-16
1585271561337038149,2025-07-16
1585271561336878967,2025-07-16
8863090172069209089,2025-07-16
5034735007162,2025-07-16
3035438529728160640,2025-07-16
5116096277414528843,2025-07-16
1585271561337041337,2025-07-16
1585271561336803812,2025-07-16
1585271561337033274,2025-07-16
1954572816503618427,2025-07-16
1585271561336594381,2025-07-16
1585271561336717022,2025-07-16
9079274105886290176,2025-07-16
1306055918923485313,2025-07-16
4620703683897942292,2025-07-16
5188154264055125095,2025-07-16
4827866083748752640,2025-07-16
801651206834378836,2025-07-16
1739855415287684224,2025-07-16
7214778110251697819,2025-07-17
7782225885427882725,2025-07-17
1585271561336651492,2025-07-17
1729388589032331985,2025-07-17
4548647573216182211,2025-07-17
6854845213063327936,2025-07-17
1585271561337052854,2025-07-17
657538097896226498,2025-07-17
2963380814038311362,2025-07-17
1585271561336752154,2025-07-17
1954572816503618427,2025-07-17
945766992112357711,2025-07-17
288237434123659333,2025-07-17
802341714711045824,2025-07-17
6629304165209877306,2025-07-17
3611898983435468929,2025-07-17
6629304165209877384,2025-07-17
6485190696845706701,2025-07-17
1594456296228688960,2025-07-17
442149976233456704,2025-07-17
5476383163815322436,2025-07-17
6052843423965704320,2025-07-17
6061859049728064640,2025-07-17
1585271561336641951,2025-07-17
9088276141375653824,2025-07-17
2314863075954555456,2025-07-17
1738421652124963520,2025-07-17
1585271561336965723,2025-07-17
1585271561336625393,2025-07-17
8367700322646865281,2025-07-17
1585274296737055645,2025-07-17
153134458553130817,2025-07-17
5116096277414528843,2025-07-17
3901530117032081856,2025-07-17
6701361217345430160,2025-07-17
8656223712563558720,2025-07-17
6495418801033085248,2025-07-17
1585271561337043459,2025-07-17
6629304165209878223,2025-07-17
1873503251789431761,2025-07-17
1729388141130525913,2025-07-17
1522239587313476288,2025-07-17
2315410463079109376,2025-07-17
1585271561336659765,2025-07-18
2891324740640623360,2025-07-18
1585271561336637637,2025-07-18
6422145316800824194,2025-07-18
3747000630363940378,2025-07-18
1585271561336824562,2025-07-18
1585271561336666237,2025-07-18
6701361217345430821,2025-07-18
1954572816503618427,2025-07-18
4764817325728907200,2025-07-18
1585271561336894566,2025-07-18
2954367870147816203,2025-07-18
1585271561336865629,2025-07-18
6566259758382327448,2025-07-18
6052843423965704320,2025-07-18
1585271561337037325,2025-07-18
1585271561336925056,2025-07-18
1585271561337018173,2025-07-18
1585271561337025894,2025-07-18
3901530117032081856,2025-07-18
1585271561336939603,2025-07-18
5188154264055125507,2025-07-18
5269824042523099520,2025-07-18
8584535786888479488,2025-07-18
2891322904814631489,2025-07-18
1513216533926154380,2025-07-18
2603093153510719233,2025-07-18
792639191900656652,2025-07-18
2387572825029727232,2025-07-18
3756013447131138769,2025-07-18
6701361217345428273,2025-07-18
585481725913662850,2025-07-19
1585271561336680858,2025-07-19
2531033574337165035,2025-07-19
504410216844887574,2025-07-19
4764817325728903810,2025-07-19
1585271561336650970,2025-07-19
1585271561336939603,2025-07-19
1585271561337012029,2025-07-19
3036777244507937536,2025-07-19
1585271561336920427,2025-07-19
1954572816503618427,2025-07-19
1585271561336994742,2025-07-19
3530829233426744917,2025-07-19
5116096277414530917,2025-07-19
2386918729101108450,2025-07-19
1585271561336940256,2025-07-19
7143550849188499200,2025-07-19
1089884978166962816,2025-07-19
1595749321903006144,2025-07-19
1585271561337037325,2025-07-19
792639191900656652,2025-07-19
947485702835762688,2025-07-19
2738194092690289674,2025-07-19
6999901611225248000,2025-07-19
3963174731014708820,2025-07-19
1585271561336733839,2025-07-19
6061858568653267968,2025-07-19
6052843423965704892,2025-07-19
1585271561337049553,2025-07-19
1585271561336618120,2025-07-19
1585271561336625323,2025-07-19
7071730495301498368,2025-07-20
1585271561336922697,2025-07-20
7998400403885849124,2025-07-20
4107289153579585878,2025-07-20
1585271561337034788,2025-07-20
8574860755058103299,2025-07-20
6052843385257647256,2025-07-20
442405311763283456,2025-07-20
2170746157113523136,2025-07-20
6989592478251127572,2025-07-20
7719181970776511680,2025-07-20
5054768684649409472,2025-07-20
9007204939872883048,2025-07-20
6629304165209876517,2025-07-20
288237434123659333,2025-07-20
2171162808295697920,2025-07-20
6413133404652387490,2025-07-20
2386918729101108450,2025-07-20
936754733896249415,2025-07-20
6341072931965192374,2025-07-20
3539842169068608960,2025-07-20
5764614806234615889,2025-07-20
658807267859499264,2025-07-20
2460299093554921792,2025-07-20
2377917722119370498,2025-07-20
1585271561337024234,2025-07-20
6124902627122868257,2025-07-20
7493995542453564627,2025-07-20
2305848744076622696,2025-07-20
5764614858704116314,2025-07-20
5188154264055124767,2025-07-20
6629304165209876610,2025-07-20
6629304165209877635,2025-07-20
6134841389232878016,2025-07-20
360293909705804759,2025-07-20
1585271561337024794,2025-07-20
2017618760585039891,2025-07-20
7349881930372709760,2025-07-20
5197166057798798210,2025-07-20
6854489498627102104,2025-07-20
3674943108267374674,2025-07-21
1585271561337040829,2025-07-21
6782681557186412288,2025-07-21
3684416589841732736,2025-07-21
2233792637557837251,2025-07-21
1585271561337041337,2025-07-21
5034735005584,2025-07-21
5413337214202458699,2025-07-21
1585271561336902933,2025-07-21
1585271561336668320,2025-07-21
8430745724812681766,2025-07-21
6629304165209877645,2025-07-21
432351254888982694,2025-07-21
6638373347198195904,2025-07-21
5908729769446699782,2025-07-21
4332476184562103680,2025-07-21
1954572816503618427,2025-07-21
1585271561336892227,2025-07-21
2171162808295697920,2025-07-21
6782434890573854912,2025-07-21
2017617721001842121,2025-07-21
6052843423965704624,2025-07-21
4116938418784426305,2025-07-21
1873514497487928217,2025-07-21
1585271561337012374,2025-07-21
1585271561337040266,2025-07-21
8727990074356778752,2025-07-21
72065402559639808,2025-07-21
945766992112357711,2025-07-21
7358894033763630339,2025-07-21
1224986448198667714,2025-07-21
6710563242055037760,2025-07-21
4611694214010660315,2025-07-21
5476384795035394075,2025-07-21
1585271561337044959,2025-07-21
1585271561336794798,2025-07-21
5404326610889164485,2025-07-21
6629304165209877481,2025-07-21
1585271561336992677,2025-07-21
4406223391538753408,2025-07-21
576467810957597286,2025-07-21
5053050012633475100,2025-07-21
5044039385649898752,2025-07-21
7071730495301498368,2025-07-21
2170748789204100864,2025-07-21
7791241212634245504,2025-07-21
5629512976778660864,2025-07-22
3611898983435468929,2025-07-22
1522327548243721536,2025-07-22
3458771664316827264,2025-07-22
7430951976169582016,2025-07-22
792640214893377344,2025-07-22
792639191900656642,2025-07-22
2233791780476071135,2025-07-22
2954367870147816270,2025-07-22
1585271561336717572,2025-07-22
1666343015431464640,2025-07-22
5034735006998,2025-07-22
360293909705804659,2025-07-22
8430745724812681766,2025-07-22
2386919846102515585,2025-07-22
5485393613852193937,2025-07-22
5919081127676350592,2025-07-22
7143550849188499200,2025-07-22
2305848744076622645,2025-07-22
6196958805535046227,2025-07-22
4764817325728903937,2025-07-22
4764817325728903810,2025-07-22
5980787364025192643,2025-07-22
1585271561336662224,2025-07-22
6629304165209877571,2025-07-22
1585271561336650970,2025-07-22
1585271561337012029,2025-07-22
4261308455727522880,2025-07-22
8872103381380756162,2025-07-22
5845686201257929664,2025-07-22
2531033574337164798,2025-07-22
792639191900656752,2025-07-22
7719182053721748033,2025-07-22
2386919226766870234,2025-07-22
1585271561336969544,2025-07-22
2305848744076624014,2025-07-22
6629304165209878003,2025-07-23
4406223391538753408,2025-07-23
8214573080945950912,2025-07-23
7421939452518497488,2025-07-23
3539841610578591425,2025-07-23
1585271561336915884,2025-07-23
1585271561336766040,2025-07-23
1585271561336690284,2025-07-23
3098483602160404120,2025-07-23
2594080439968916697,2025-07-23
1585271561336614331,2025-07-23
7719181970776511680,2025-07-23
1585271561336912413,2025-07-23
1585271561337011622,2025-07-23
1585271561337003723,2025-07-23
5269225437896844992,2025-07-23
6566260438521654529,2025-07-23
6052843423965704501,2025-07-23
1585271561336615624,2025-07-23
432353157092746305,2025-07-23
1585271561337012029,2025-07-23
7998400403885849124,2025-07-23
8079470079227478147,2025-07-23
2458976295491272520,2025-07-23
792639191900656652,2025-07-23
6629304165209877571,2025-07-23
3036135594203998528,2025-07-23
3611898983435468034,2025-07-23
6341074104264855705,2025-07-23
5269224077618129344,2025-07-23
936756002501340111,2025-07-23
5990576595729602240,2025-07-23
153134458553131523,2025-07-23
7791239747290318593,2025-07-23
6629304165209877078,2025-07-23
6061856428691210627,2025-07-23
2882308749924541125,2025-07-23
1585271561337044540,2025-07-23
3963175104584410389,2025-07-23
297250957145286080,2025-07-23
1585271561336707200,2025-07-23
1441159783276051102,2025-07-23
1297043019275485478,2025-07-23
6629304165209878003,2025-07-24
7000147901829877888,2025-07-24
2738194092690289068,2025-07-24
7719181970776507008,2025-07-24
5116096277414531695,2025-07-24
6629304165209876517,2025-07-24
6052843423965704511,2025-07-24
1585271561336617583,2025-07-24
5836672162506748480,2025-07-24
2449965262016764108,2025-07-24
8430745724812681766,2025-07-24
6629304165209878404,2025-07-24
369307611172958851,2025-07-24
3467783911479856448,2025-07-24
8367700322646861120,2025-07-24
6917536399313464325,2025-07-24
7421939452518496470,2025-07-24
8295643071445386113,2025-07-24
1585271561337050448,2025-07-24
1585271561336939603,2025-07-24
5548441990942656256,2025-07-24
1585271561337048914,2025-07-24
1585274468154761733,2025-07-24
1008814384946819138,2025-07-24
1585271561336678240,2025-07-24
1585271561337041337,2025-07-24
9019569075740289,2025-07-24
9088276141375654083,2025-07-24
2531033574337168760,2025-07-24
3035439740714155136,2025-07-24
8286630956996229888,2025-07-24
2675150653541833345,2025-07-24
8214571571366848933,2025-07-24
1585271561337010470,2025-07-24
1585271561336911990,2025-07-24
1585271561336999191,2025-07-24
5629511854270500800,2025-07-24
1585271561336714584,2025-07-24
3098482975285223429,2025-07-24
5269225437896844992,2025-07-24
1297043019275485478,2025-07-24
6927737971451443776,2025-07-25
2738194092690289068,2025-07-25
4117122445480472192,2025-07-25
8007413447319366720,2025-07-25
7143242985932710720,2025-07-25
1585271561336994742,2025-07-25
4827866083748766336,2025-07-25
4980991965168188033,2025-07-25
7349881720239710336,2025-07-25
5044039385649898752,2025-07-25
1585271561336926153,2025-07-25
6205969366230461440,2025-07-25
3242598036180166795,2025-07-25
6052843423965704462,2025-07-25
7647123547297070720,2025-07-25
4692759896965140290,2025-07-25
1585271561336989324,2025-07-25
576467810957597286,2025-07-25
1585271561336995405,2025-07-25
6845478493809504327,2025-07-25
7864091090942734208,2025-07-25
1585271561336667284,2025-07-25
4116938418784426305,2025-07-25
6629304165209876489,2025-07-25
1522228828218256770,2025-07-25
6784097728163038593,2025-07-25
5332267584642577280,2025-07-25
1585271561336731414,2025-07-25
2316342871057160385,2025-07-25
7071730495301498368,2025-07-25
1585274423917697043,2025-07-25
1585271561336714584,2025-07-25
7719182053721744961,2025-07-25
1585271561336633756,2025-07-25
6629304165209878736,2025-07-25
8872103381380756226,2025-07-26
6196960147642318811,2025-07-26
6413133404652387490,2025-07-26
658983189719959233,2025-07-26
1585271561337008342,2025-07-26
6566258848326450200,2025-07-26
7277824441388353957,2025-07-26
7430951296027747843,2025-07-26
8574860749468303938,2025-07-26
8430745724812681766,2025-07-26
5989819866250917248,2025-07-26
1585271561336771633,2025-07-26
1882516134850618573,2025-07-26
1585271561336652629,2025-07-26
1585271561337012374,2025-07-26
3963175088006360577,2025-07-26
6629304165209878404,2025-07-26
3242598857385037293,2025-07-26
1585271561337050448,2025-07-26
6205972766929971266,2025-07-26
6196960147642319177,2025-07-26
1306055918923481346,2025-07-26
7493995542453564627,2025-07-26
4332476682224605632,2025-07-26
2738194092690289034,2025-07-26
6341074104264855368,2025-07-26
1585271561336929916,2025-07-26
6926550239007909313,2025-07-26
8367700483004796672,2025-07-26
6278543044796516736,2025-07-26
6566261173957204096,2025-07-26
1162022737893971328,2025-07-26
792639673001540995,2025-07-26
576467810957597286,2025-07-26
6341074104264855981,2025-07-26
5764615010830211364,2025-07-26
8800042911955348868,2025-07-26
6629304165209878990,2025-07-26
3900447976406558720,2025-07-26
6629304165209877823,2025-07-26
2676102810245518080,2025-07-26
1522229159996371777,2025-07-27
8728844273143419456,2025-07-27
8656047038657805056,2025-07-27
2738194092690289087,2025-07-27
6422145128799020928,2025-07-27
1585271561336875244,2025-07-27
4332819951031581440,2025-07-27
6485190517591018432,2025-07-27
802429675641271424,2025-07-27
4844634155853,2025-07-27
2233791780476071135,2025-07-27
5548441990942656669,2025-07-27
6341074104264853949,2025-07-27
585481725913663745,2025-07-27
5034735004929,2025-07-27
1585271561337034908,2025-07-27
2676102810245518080,2025-07-27
1585271561336979665,2025-07-27
1585271561336633756,2025-07-27
4332476682224605632,2025-07-27
7286836179836408576,2025-07-27
1585271561336882511,2025-07-27
1585271561336926023,2025-07-27
1585271561336866220,2025-07-27
2738194092690289068,2025-07-27
7998399998816616450,2025-07-27
2242804895778104131,2025-07-27
6278735978234865280,2025-07-27
658983189719959233,2025-07-27
1585271561336990397,2025-07-27
1008814384946818817,2025-07-27
1585271561337033725,2025-07-27
3828751370547352448,2025-07-27
1585271561336660127,2025-07-27
3963174731014708820,2025-07-27
7421939325345059009,2025-07-27
2882310110228255577,2025-07-27
5413337214202459303,2025-07-27
4980995100451819842,2025-07-27
513460228649263553,2025-07-27
6052843423965704355,2025-07-27
6341072931965192431,2025-07-27
6052843423965704845,2025-07-27
5197166057798798274,2025-07-27
1585271561336688933,2025-07-27
6052843423965704521,2025-07-27
1585271561336723110,2025-07-27
720580779483787630,2025-07-27
1585271561336618120,2025-07-27
513421936608554178,2025-07-27
7216426540799822272,2025-07-27
8791033899596157859,2025-07-27
6052843423965704588,2025-07-27
1369101741337282754,2025-07-28
6629304165209878003,2025-07-28
1585271561336901830,2025-07-28
1233997180257176773,2025-07-28
6999901611225248000,2025-07-28
1729388589032331985,2025-07-28
6557248561836698827,2025-07-28
1089883883305158592,2025-07-28
7782225973962771544,2025-07-28
1585271561337019523,2025-07-28
1585271561337045121,2025-07-28
5044039385649898752,2025-07-28
7719181970776511680,2025-07-28
1585271561336939603,2025-07-28
369307611172953922,2025-07-28
2738194092690289773,2025-07-28
875393366793077760,2025-07-28
5125107252771462786,2025-07-28
1585271561337005483,2025-07-28
6196958805535046283,2025-07-28
7421939452518496470,2025-07-28
3747001954464117647,2025-07-28
1585271561337023699,2025-07-28
9088276141375646657,2025-07-28
5413337214202463640,2025-07-28
4476589022556912768,2025-07-28
6557248473360856802,2025-07-28
7277824762114536064,2025-07-28
6341072931965192431,2025-07-28
8727990074356778752,2025-07-28
4693319292874423872,2025-07-28
5054311514524504576,2025-07-28
1090686500897620608,2025-07-28
3674945297996417730,2025-07-28
1585271561336609539,2025-07-28
6196961100373024751,2025-07-28
1585271561336713719,2025-07-28
1369101347001709768,2025-07-28
2738194092690289729,2025-07-28
1441157903221328601,2025-07-28
874099666507990784,2025-07-28
5692557201135915836,2025-07-29
1522327548243721536,2025-07-29
1585271561336633444,2025-07-29
8718973778522537871,2025-07-29
6052843423965704118,2025-07-29
6629304165209876650,2025-07-29
1585271561337026298,2025-07-29
7215309436985946432,2025-07-29
1233998501833434304,2025-07-29
2305848744076622405,2025-07-29
3026426929536382337,2025-07-29
2449965668495115337,2025-07-29
81077505949385027,2025-07-29
3107495819638266880,2025-07-29
1585271561336684477,2025-07-29
8656829890936839488,2025-07-29
1585271561336969686,2025-07-29
2891322136194116241,2025-07-29
1585271561336901830,2025-07-29
7782225973962771492,2025-07-29
6629304165209878332,2025-07-29
2387572825029727232,2025-07-29
1585271561337012374,2025-07-29
3323785317624181504,2025-07-29
5404326610889164485,2025-07-29
2305848744076623859,2025-07-29
3467784016540728449,2025-07-29
4692759896965140290,2025-07-29
4332476682224605632,2025-07-29
1585271561336714584,2025-07-29
2305848744076622568,2025-07-29
3819059905448883660,2025-07-29
6269016405102145823,2025-07-29
7863297070377877696,2025-07-29
8801587602994100992,2025-07-29
1162022737893971328,2025-07-29
1585271561337050252,2025-07-29
1306053021421775489,2025-07-29
6196960145816224833,2025-07-29
657537196568801346,2025-07-29
6196960145816224397,2025-07-29
5764613821978702687,2025-07-29
8791033899596157859,2025-07-29
8286630365325213377,2025-07-29
7719183474830902656,2025-07-30
2738194092690289029,2025-07-30
6133915128677065091,2025-07-30
1585271561336994395,2025-07-30
1585271561337014179,2025-07-30
7277824441388353957,2025-07-30
5917742346563020034,2025-07-30
6413133733194254145,2025-07-30
441939118833085120,2025-07-30
5413337214202460145,2025-07-30
1585271561336747433,2025-07-30
1585271561336944156,2025-07-30
1585271561336662224,2025-07-30
875393366793077760,2025-07-30
2738194092690289729,2025-07-30
5476385132355153731,2025-07-30
7358893773874616321,2025-07-30
1585271561337003723,2025-07-30
1585271561336980005,2025-07-30
5764615010830211364,2025-07-30
8656829890936839488,2025-07-30
8223763915326468416,2025-07-30
936754186446804364,2025-07-30
2305848744076622405,2025-07-30
6278543044796516736,2025-07-30
7791239233038936448,2025-07-30
5034735007632,2025-07-30
2882311520272393920,2025-07-30
5332267584642577438,2025-07-30
1585271561337015017,2025-07-30
2676058829780403328,2025-07-30
1945560541685068877,2025-07-30
7286838098605874561,2025-07-30
7719183474830902656,2025-07-31
5269224016788678784,2025-07-31
5269222877690299145,2025-07-31
3674943108267374686,2025-07-31
8367700483004796672,2025-07-31
6278028668904870082,2025-07-31
225192052591221314,2025-07-31
6196961000847504064,2025-07-31
6413133733194254145,2025-07-31
6629304165209878721,2025-07-31
1585271561337045121,2025-07-31
8656829890936839488,2025-07-31
1585271561336684477,2025-07-31
8286630365325210817,2025-07-31
2099730599654640064,2025-07-31
2954367870147816203,2025-07-31
1585271561336960357,2025-07-31
801651201304655618,2025-07-31
1379849379070761152,2025-07-31
1378112838350349660,2025-07-31
8295643071445386113,2025-07-31
6052843423965704462,2025-07-31
4549890603715378880,2025-07-31
4692759896965140290,2025-07-31
7791239233038936448,2025-07-31
1585271561336980005,2025-07-31
5980787599406315725,2025-07-31
8430745724812681766,2025-07-31
2819265587255210048,2025-07-31
5629513342402051201,2025-07-31
2666136631356783429,2025-07-31
7863449612055842688,2025-07-31
1162022737893971328,2025-07-31
1585271561337032712,2025-07-31
3323668325271603393,2025-07-31
6629304165209878911,2025-07-31
1585271561337031565,2025-07-31
1161942649620631617,2025-07-31
4694269270920854528,2025-07-31
4107288419676846200,2025-07-31
360295281038589837,2025-07-31
5557454354232677057,2025-07-31
5034735007502,2025-07-31
8007412861180938368,2025-07-31
7071730495301498368,2025-08-01
441361688982365506,2025-08-01
4694269270920854528,2025-08-01
1585271561337048751,2025-08-01
1585271561336840314,2025-08-01
3458771664316827264,2025-08-01
2963380775332156289,2025-08-01
1585271561337005483,2025-08-01
2676102810245518080,2025-08-01
5053051190437830144,2025-08-01
8079469907788942465,2025-08-01
2233792637557836352,2025-08-01
1585271561337020878,2025-08-01
6196958805535046283,2025-08-01
1585271561337003582,2025-08-01
2305848744076622337,2025-08-01
4117334242970440768,2025-08-01
6061859049728066433,2025-08-01
5917742346563017472,2025-08-01
7791239233038936448,2025-08-01
2522022433100765129,2025-08-01
3467784160333700032,2025-08-01
8367700322646864705,2025-08-01
1585271561337019889,2025-08-01
6052843423965704633,2025-08-01
3747002170039226160,2025-08-01
6998605659912808066,2025-08-01
6341074104264854342,2025-08-01
4827866083748764550,2025-08-01
6629304165209878911,2025-08-01
5034735006231,2025-08-01
1585271561336931900,2025-08-01
657537196568801346,2025-08-01
4404534281793752512,2025-08-01
1585271561336808997,2025-08-01
1585271561336768127,2025-08-01
1585271561337053954,2025-08-01
5125108828712655936,2025-08-01
8800233530290716352,2025-08-01
3395728048205573378,2025-08-01
5989799238315452418,2025-08-02
9019386599898176,2025-08-02
4764817325728907649,2025-08-02
5413337214202464748,2025-08-02
4404532838566918914,2025-08-02
7215309436985946432,2025-08-02
1585271561337034979,2025-08-02
1585271561336917347,2025-08-02
1585271561336704978,2025-08-02
5548440520018748232,2025-08-02
1008811808132899340,2025-08-02
1585271561336642216,2025-08-02
9007204939872883285,2025-08-02
1739855415287684224,2025-08-02
5116096277414528843,2025-08-02
1585271561336919177,2025-08-02
1585271561336777542,2025-08-02
801651201304655618,2025-08-02
4548647678279506368,2025-08-02
864698737912134848,2025-08-02
5053264779454819136,2025-08-02
1585271561336934288,2025-08-02
1585271561336662224,2025-08-02
6052843423965704420,2025-08-02
3467784160333700032,2025-08-02
1585271561337023699,2025-08-02
4899922101829706304,2025-08-02
4827866083748772483,2025-08-02
6629304165209876304,2025-08-02
8935147025123497116,2025-08-02
1810690862437320704,2025-08-02
6629304165209878911,2025-08-02
5620500508436996544,2025-08-02
4755806952424822450,2025-08-02
3395728048205572032,2025-08-02
4548647573216184770,2025-08-02
6061859049728065089,2025-08-02
1956151497532999744,2025-08-02
4908935609760525954,2025-08-03
441361688982362497,2025-08-03
1585271561336989842,2025-08-03
6917536153237304707,2025-08-03
1585271561336749455,2025-08-03
7277824441388353957,2025-08-03
1729388589032331985,2025-08-03
1585271561336856398,2025-08-03
8214572793405073281,2025-08-03
2747957778956732736,2025-08-03
4404532600794805250,2025-08-03
2098689923357003713,2025-08-03
2882311337796875265,2025-08-03
1585271561336714584,2025-08-03
6629304165209877879,2025-08-03
1008811808132899372,2025-08-03
5053141523561189632,2025-08-03
5269224077618120705,2025-08-03
1585271561337038249,2025-08-03
3386714877606070081,2025-08-03
1585271561336939603,2025-08-03
4548647573216189315,2025-08-03
1585271561337021320,2025-08-03
6341074104264855368,2025-08-03
1585271561336883786,2025-08-03
2386920338217062402,2025-08-03
1585271561337043287,2025-08-03
3747000630363940576,2025-08-03
2738194092690289029,2025-08-03
4116938418784426305,2025-08-03
8727990074356778752,2025-08-03
8223585134570189760,2025-08-03
6052843385257647256,2025-08-03
1379092915070819776,2025-08-03
5034735005976,2025-08-03
3674945297996420289,2025-08-03
7782225973962771544,2025-08-03
4404532600794808259,2025-08-03
1585271561336725726,2025-08-03
6196960145816224397,2025-08-03
3747000630363940378,2025-08-03
4844634155853,2025-08-03
576467810957597286,2025-08-03
3901231049869308352,2025-08-04
6782434890573854912,2025-08-04
4406223391538753408,2025-08-04
7000147901829877888,2025-08-04
1018972009783960384,2025-08-04
2738194092690289800,2025-08-04
1585271561337026613,2025-08-04
8367700483004796672,2025-08-04
1585271561337032064,2025-08-04
4827866083748751168,2025-08-04
801651201304652042,2025-08-04
1585271561336770438,2025-08-04
1585271561336739777,2025-08-04
1008811808132899340,2025-08-04
3747000630363940378,2025-08-04
9089272665615484736,2025-08-04
5188154264055124614,2025-08-04
3395725322111671749,2025-08-04
6052843423965704805,2025-08-04
3819059877809584705,2025-08-04
1585271561336650970,2025-08-04
1585271561337009782,2025-08-04
6639455266640015296,2025-08-04
6206397648303574272,2025-08-04
1585271561337038249,2025-08-04
5034735005976,2025-08-04
1585271561337028680,2025-08-04
6341074104264849925,2025-08-04
8800042911955348868,2025-08-04
1585271561336689109,2025-08-04
1585271561336821451,2025-08-04
1522230503686285120,2025-08-04
513592170044611072,2025-08-04
5269224077618124482,2025-08-04
1234809583742113409,2025-08-04
6629304165209877635,2025-08-04
5980786504561921994,2025-08-04
4908937353777220800,2025-08-04
5044039385649898752,2025-08-04
7647122977748702231,2025-08-04
5548440520018748310,2025-08-04
3901231049869308352,2025-08-05
8367701594454496128,2025-08-05
658983189719959233,2025-08-05
5630042329367316992,2025-08-05
5980787599406315513,2025-08-05
6629304165209879170,2025-08-05
6206871737884535232,2025-08-05
1585271561336931680,2025-08-05
8872102004503143591,2025-08-05
1585271561336938714,2025-08-05
6052843423965704501,2025-08-05
3467783911479848960,2025-08-05
5188154264055124614,2025-08-05
1585271561337038479,2025-08-05
874364257087396672,2025-08-05
5054144388757077504,2025-08-05
8007412236336256321,2025-08-05
504410762191814656,2025-08-05
7791239100327169984,2025-08-05
4261457989308907009,2025-08-05
3396757699807377792,2025-08-05
5836672477688190152,2025-08-05
3747000630363940378,2025-08-05
5919081127676350592,2025-08-05
2305848744076622577,2025-08-05
1585271561337003723,2025-08-05
7782225973962771564,2025-08-05
2882311337796875265,2025-08-05
3035436765780351298,2025-08-05
2242804895778104131,2025-08-05
1585271561336740630,2025-08-05
6629304165209876832,2025-08-05
4909958616282810688,2025-08-05
6133915128677099396,2025-08-05
1224996632231164864,2025-08-05
4683749745517625109,2025-08-05
1585271561337042411,2025-08-05
6998607169495829056,2025-08-05
5116095829525861647,2025-08-05
1585271561336618120,2025-08-05
1585271561336744152,2025-08-05
1585271561337001264,2025-08-05
1585271561337012374,2025-08-05
946553516040883456,2025-08-06
5054768684649409472,2025-08-06
4323463152188622715,2025-08-06
1585271561337048751,2025-08-06
8935147025123496911,2025-08-06
8151526594975941451,2025-08-06
1585271561336703668,2025-08-06
7215309436985946432,2025-08-06
2244222968931304448,2025-08-06
6566260858770264576,2025-08-06
720593468436821505,2025-08-06
2458979132178470784,2025-08-06
936756002501343094,2025-08-06
1585271561337011501,2025-08-06
6701361217345430821,2025-08-06
5269225437896844992,2025-08-06
369307611172934656,2025-08-06
2882311337796875265,2025-08-06
2954368644292677569,2025-08-06
6206537486349659776,2025-08-06
8367701594454496128,2025-08-06
6629304165209878404,2025-08-06
4621288485247139456,2025-08-06
4332473480586249328,2025-08-06
8152479824418179968,2025-08-06
1666345625407870272,2025-08-06
4107288419676846091,2025-08-06
6701361217345430749,2025-08-06
2387572825029727232,2025-08-06
2305848744076623320,2025-08-06
7358893580340059264,2025-08-06
7421939452518496470,2025-08-06
1224986448198666823,2025-08-06
1585271561336997124,2025-08-06
1585271561337032989,2025-08-06
8511814487741101120,2025-08-06
1873514497487928217,2025-08-06
2738196088883862496,2025-08-06
2305848744076622061,2025-08-06
1585271561337028331,2025-08-06
6855566942124378176,2025-08-06
1585271561336618120,2025-08-06
7864636896608235520,2025-08-06
5197164686455953793,2025-08-06
1585271561336981583,2025-08-06
8142513767181259525,2025-08-06
5197164996113048095,2025-08-07
4116339792266941760,2025-08-07
801651201304651453,2025-08-07
9089431260710255744,2025-08-07
2233792554604317953,2025-08-07
6629305709414973060,2025-08-07
5054795299640746240,2025-08-07
1585271561336999191,2025-08-07
1810459314961887811,2025-08-07
8007413447319366784,2025-08-07
6279193784262148864,2025-08-07
1585271561336757009,2025-08-07
1585271561336668320,2025-08-07
6701361217345430821,2025-08-07
442932828512505024,2025-08-07
6629304165209879143,2025-08-07
9007204939872883156,2025-08-07
504410218347672841,2025-08-07
4405819833020689728,2025-08-07
2604256311380796096,2025-08-07
3901231049869308352,2025-08-07
1018435448109585216,2025-08-07
6196961100373024751,2025-08-07
1873514497487928217,2025-08-07
6629304165209878223,2025-08-07
1585271561336929440,2025-08-07
4908935195035268034,2025-08-07
6557246880847484629,2025-08-07
3242599910701477503,2025-08-07
5269225437896844992,2025-08-07
1522228170194818472,2025-08-07
801651201304655618,2025-08-07
2604212330915682432,2025-08-07
5476385132355153731,2025-08-07
4909958616282810688,2025-08-07
1162022737893971328,2025-08-07
1585271561336650454,2025-08-07
6341074104264853772,2025-08-07
1585271561336804690,2025-08-07
9016220262205243008,2025-08-07
4548647573216187331,2025-08-07
5054144278165766912,2025-08-07
6206643039465930496,2025-08-07
4908937353777220800,2025-08-07
1585271561337011960,2025-08-07
3674945297996417730,2025-08-07
6494202711772196800,2025-08-07
1585271561336840314,2025-08-07
1945561990454462081,2025-08-07
3314656874364763048,2025-08-07
1585271561336615171,2025-08-08
2603089841281918144,2025-08-08
1585271561337048751,2025-08-08
7782225885427882465,2025-08-08
1585271561336921096,2025-08-08
2170747666694073602,2025-08-08
9007204635750639287,2025-08-08
4404780832283044417,2025-08-08
6629304165209877571,2025-08-08
360293909705804580,2025-08-08
6341074104264850314,2025-08-08
1585271561336804690,2025-08-08
3098483603763034510,2025-08-08
4476591665707205376,2025-08-08
442932828512505024,2025-08-08
6061859049728065089,2025-08-08
1585271561336971957,2025-08-08
6124903351516349376,2025-08-08
5332267584642577112,2025-08-08
3901231049869308352,2025-08-08
1585274423917697043,2025-08-08
6341074104264855761,2025-08-08
2305848744076623048,2025-08-08
4692759896965140290,2025-08-08
2233791780476071135,2025-08-08
3458771572229117194,2025-08-08
6278938868982534848,2025-08-08
1585271561336625393,2025-08-08
5188154048402068336,2025-08-08
2531035327227284609,2025-08-08
1585271561336878967,2025-08-08
3901257438148375808,2025-08-08
4909958616282810688,2025-08-08
8369417938508689728,2025-08-08
6557248473360856796,2025-08-08
8872100102946455617,2025-08-08
6052843423965704511,2025-08-08
5269225437896844992,2025-08-08
1585271561337018567,2025-08-08
801651925687944604,2025-08-08
513421040807382402,2025-08-08
4406223391538753408,2025-08-08
3747000630363940378,2025-08-08
2882309734211218368,2025-08-08
1224986448198666709,2025-08-08
6052843423965704421,2025-08-08
1306055321721055745,2025-08-09
8935148960500687616,2025-08-09
1585271561337018173,2025-08-09
4838305200156299200,2025-08-09
1585271561337025775,2025-08-09
8151526594975941451,2025-08-09
6854489498627102104,2025-08-09
1585271561336690284,2025-08-09
432351254888983532,2025-08-09
2604256311380796096,2025-08-09
3458771572229117194,2025-08-09
1235689983777614464,2025-08-09
4980994376076635008,2025-08-09
8367773738252742400,2025-08-09
2604643339473788352,2025-08-09
1585271561336757826,2025-08-09
1585271561336950266,2025-08-09
1585271561336939603,2025-08-09
7998400403885849124,2025-08-09
8729741474631720513,2025-08-09
1585271561337011981,2025-08-09
5269225437896844992,2025-08-09
1585271561336840314,2025-08-09
4179347521753443713,2025-08-09
6341074104264852164,2025-08-09
1585271561337044610,2025-08-09
1585271561337003723,2025-08-09
6052843423965704837,2025-08-09
3684346221097551104,2025-08-09
4620703683897942764,2025-08-09
585480984933644800,2025-08-09
1585271561336938590,2025-08-09
6196960145816224397,2025-08-09
3098483602160404120,2025-08-09
1585271561336864771,2025-08-09
1522229159996371777,2025-08-09
1585271561336993989,2025-08-09
5413337214202462653,2025-08-09
1585271561337001264,2025-08-09
2305848744076622796,2025-08-09
945768468522226048,2025-08-09
8801587602994100992,2025-08-10
2449965262016763921,2025-08-10
1585271561336970540,2025-08-10
2882308749924541122,2025-08-10
3684346221097551104,2025-08-10
4692764342757237888,2025-08-10
4116938418784426305,2025-08-10
7215309436985946432,2025-08-10
6638317131229860104,2025-08-10
5701568878757409281,2025-08-10
4035232106963127754,2025-08-10
9079274105886290176,2025-08-10
4980991965168188033,2025-08-10
6279193784262148864,2025-08-10
1585271561336913416,2025-08-10
6494548988816895168,2025-08-10
1522228125953156999,2025-08-10
7926341023773843009,2025-08-10
8656829890936839488,2025-08-10
5197164996113048095,2025-08-10
1585271561337038249,2025-08-10
1585271561337051847,2025-08-10
6052843385257647256,2025-08-10
153131677170000386,2025-08-10
7493995542453564627,2025-08-10
1585271561336901830,2025-08-10
5044039385649898752,2025-08-10
4837303485213295168,2025-08-10
7277824441388353957,2025-08-10
1585271561337047552,2025-08-10
4261457657532782784,2025-08-10
1810459314961887746,2025-08-10
4332926112403708992,2025-08-10
4476588735011997195,2025-08-10
2738194092690288910,2025-08-10
1585271561337034979,2025-08-10
1585271561337048984,2025-08-10
1585271561337036299,2025-08-10
2531033574337164798,2025-08-10
5764615010830211364,2025-08-10
8214572793405073281,2025-08-10
2233791780476071135,2025-08-10
7286838098605874561,2025-08-10
5629511959330150400,2025-08-11
8944162424173818304,2025-08-11
8872102004503143591,2025-08-11
8656197324284490368,2025-08-11
5188154264055125507,2025-08-11
6341074104264850008,2025-08-11
801651201304652576,2025-08-11
4621850788237164160,2025-08-11
1873505369620970529,2025-08-11
1738421652124963520,2025-08-11
1585271561336903088,2025-08-11
8872102004503143605,2025-08-11
4332473480586249328,2025-08-11
6701361217345430046,2025-08-11
7430953319858640640,2025-08-11
1585271561337051986,2025-08-11
1585271561336971254,2025-08-11
513421040807382406,2025-08-11
4692759896965140290,2025-08-11
1585271561336841328,2025-08-11
2738194092690289034,2025-08-11
4899922101829706373,2025-08-11
2449965668495115008,2025-08-11
3891115984388077827,2025-08-11
873709458900883723,2025-08-11
7144245215226032512,2025-08-11
2098688789787818907,2025-08-11
792639191900656652,2025-08-11
2594080439968917002,2025-08-11
1585271561337046328,2025-08-11
5620500508436996544,2025-08-11
1585271561336859781,2025-08-11
1585271561336938692,2025-08-11
2305848744076623036,2025-08-11
1585271561336983258,2025-08-11
1585271561336858683,2025-08-11
4692762982476712706,2025-08-11
4116489126782834816,2025-08-11
1585271561337001264,2025-08-11
7863297125675402690,2025-08-11
5764615010830211364,2025-08-11
1585271561336744152,2025-08-11
7286838098605874561,2025-08-11
2449965110012012804,2025-08-11
1585271561336779155,2025-08-11
8295642745197941185,2025-08-12
2233792637557835906,2025-08-12
8295642745197945921,2025-08-12
1522227705709270419,2025-08-12
6341074104264856093,2025-08-12
1585271561337023406,2025-08-12
4332475006756913344,2025-08-12
369307611172955267,2025-08-12
7782225973962771564,2025-08-12
1585271561336907068,2025-08-12
2449965110012012804,2025-08-12
5413337214202464748,2025-08-12
5629513342402052800,2025-08-12
1585271561336838632,2025-08-12
7071730495301498368,2025-08-12
4694269270920854528,2025-08-12
2386919846102515585,2025-08-12
6052843423965704272,2025-08-12
4899922101829706304,2025-08-12
1585271561336994632,2025-08-12
2738194092690289800,2025-08-12
2458979132178470784,2025-08-12
2098832651495149824,2025-08-12
9007204939872883156,2025-08-12
1585271561336878151,2025-08-12
4693767893618572608,2025-08-12
6052843423965704197,2025-08-12
7133709247784472994,2025-08-12
1585271561336934288,2025-08-12
1585271561337003723,2025-08-12
1585271561336790289,2025-08-12
8872102004503143591,2025-08-12
6341074104264856442,2025-08-12
8935149430517088000,2025-08-12
1585271561336704902,2025-08-12
3747000630363940378,2025-08-12
1585271561336939603,2025-08-12
6557248473360856802,2025-08-12
8935148650840703744,2025-08-12
1585271561336731284,2025-08-12
6557248456781430976,2025-08-12
1585271561336968320,2025-08-12
4404534342618501632,2025-08-12
8655930903394015233,2025-08-12
3747000630363940932,2025-08-12
5908730160197042024,2025-08-12
3036575033901487680,2025-08-12
3314657355444378182,2025-08-13
8214571128982578575,2025-08-13
1234000039061637954,2025-08-13
6629304165209879195,2025-08-13
504410216844887574,2025-08-13
657645625071782656,2025-08-13
2089677781257947265,2025-08-13
1585271561336938625,2025-08-13
1585271561337045121,2025-08-13
1585271561336799081,2025-08-13
1873514497487928217,2025-08-13
1585271561337023951,2025-08-13
81077505949385027,2025-08-13
4179347997302419905,2025-08-13
6629304165209877269,2025-08-13
3747000630363940378,2025-08-13
360295281038590306,2025-08-13
1955940380240259968,2025-08-13
6196958805535046283,2025-08-13
3530828279625693138,2025-08-13
5034735006998,2025-08-13
585834117042990080,2025-08-13
1585271561337029088,2025-08-13
6629304165209879200,2025-08-13
6566258848326450200,2025-08-13
7493996875135987034,2025-08-13
1585271561336920078,2025-08-13
1585271561337042692,2025-08-13
1585271561337003759,2025-08-13
7214779111113442240,2025-08-13
5629511854270500800,2025-08-13
5260212023980595118,2025-08-13
7349881720239712276,2025-08-13
1585271561337042959,2025-08-13
1585271561336700081,2025-08-13
1585271561337036299,2025-08-13
1738403280270865088,2025-08-13
1585271561336867115,2025-08-13
2388646955735996352,2025-08-13
6999901611225248000,2025-08-13
1585271561336877696,2025-08-13
2675856397988943105,2025-08-13
1585271561336878046,2025-08-13
1585271561336847738,2025-08-13
1666344126885338816,2025-08-13
6196960145816224397,2025-08-13
1585271561336712661,2025-08-13
1585271561336901830,2025-08-13
1585271561337043788,2025-08-13
1954629773440075904,2025-08-13
4116348389294694784,2025-08-13
2676102810245518080,2025-08-13
4982244626730118721,2025-08-14
6341074104264852073,2025-08-14
1585271561337026298,2025-08-14
3468621962274834624,2025-08-14
3963175088006360577,2025-08-14
6124902627122867748,2025-08-14
2531033574337163656,2025-08-14
1585271561336615576,2025-08-14
1585271561336830888,2025-08-14
4910082336722384384,2025-08-14
7782225885427882725,2025-08-14
6052843423965704462,2025-08-14
8152383067394922560,2025-08-14
6341074104264850252,2025-08-14
4899922101829706304,2025-08-14
1585271561336876905,2025-08-14
7791239233038936515,2025-08-14
4117334242970440768,2025-08-14
3901231049869308352,2025-08-14
6629304165209879200,2025-08-14
5332267584642577443,2025-08-14
1585271561336873706,2025-08-14
514356888197939264,2025-08-14
7358993262512734784,2025-08-14
8728844273143419456,2025-08-14
8214571128982578575,2025-08-14
1585271561336896002,2025-08-14
4035232106963127754,2025-08-14
6124903351516349376,2025-08-14
7575065665715701012,2025-08-14
1017826062559976640,2025-08-14
4764821936795189185,2025-08-14
2603091538862898406,2025-08-14
1585271561337003723,2025-08-14
1585271561336819535,2025-08-14
6557248337431441997,2025-08-14
1585271561336618804,2025-08-14
792641370587578176,2025-08-14
1585271561337020657,2025-08-14
7719182053721747777,2025-08-14
8583871556471298744,2025-08-14
1585271561336959874,2025-08-14
5908730160197041408,2025-08-14
1585271561336969686,2025-08-14
2449965477186178842,2025-08-14
1585271561337043788,2025-08-14
3891117339130576500,2025-08-14
1585271561337048984,2025-08-14
1585271561337001997,2025-08-14
1522239587313476288,2025-08-14
658983189719959233,2025-08-15
8944568632607099200,2025-08-15
4107288419676846200,2025-08-15
2738194092690289674,2025-08-15
2666135989930538395,2025-08-15
3891115984388077709,2025-08-15
2738194092690288910,2025-08-15
1522228125953156738,2025-08-15
6341074104264855561,2025-08-15
1585271561336585724,2025-08-15
8079470792529455168,2025-08-15
6052843423965704624,2025-08-15
1513216534290429780,2025-08-15
3397391272924332736,2025-08-15
5116096277414528843,2025-08-15
1585271561337036299,2025-08-15
1585271561336631778,2025-08-15
2314861737789880281,2025-08-15
3828751370547352448,2025-08-15
5413337214202463640,2025-08-15
4692759896965140290,2025-08-15
6557246880847484935,2025-08-15
3747000630363940446,2025-08-15
1585271561336915000,2025-08-15
3036777244507937536,2025-08-15
7791241212634245504,2025-08-15
3684346221097551104,2025-08-15
6629304165209879200,2025-08-15
7503010913897242624,2025-08-15
4333867294357128384,2025-08-15
2377907662666834967,2025-08-15
4406223391538753408,2025-08-15
1585271561336948533,2025-08-15
7142785589095501632,2025-08-15
6341074104264852220,2025-08-15
1585271561337011960,2025-08-15
1585271561337043788,2025-08-15
3747000630363940378,2025-08-15
4107288419676846194,2025-08-15
7430951976169582016,2025-08-15
1739855415287684224,2025-08-15
3035437313210195048,2025-08-16
729595702993857920,2025-08-16
4395520296843870658,2025-08-16
4980994376076635008,2025-08-16
6052843423965704462,2025-08-16
1585271561336873821,2025-08-16
5125109425912124864,2025-08-16
9021089715425280,2025-08-16
4620705515620634944,2025-08-16
1585271561336738453,2025-08-16
7214778464155601536,2025-08-16
947090641831416192,2025-08-16
1585271561336703106,2025-08-16
8151526738740006146,2025-08-16
1585271561337051837,2025-08-16
2738194092690288910,2025-08-16
1008813765626963715,2025-08-16
360295281038589837,2025-08-16
1585271561336969669,2025-08-16
6710377279947371714,2025-08-16
2377906299442910998,2025-08-16
1585271561336983258,2025-08-16
6557246880847484935,2025-08-16
5557454354232674945,2025-08-16
1585271561336585963,2025-08-16
8872102004503143591,2025-08-16
6124903351516349376,2025-08-16
3035436765780351298,2025-08-16
7430951976169582016,2025-08-16
360293909705804778,2025-08-16
8935148003885016902,2025-08-16
1585271561336864469,2025-08-16
1585271561336925236,2025-08-16
2242877166698838400,2025-08-16
1585271561336844722,2025-08-16
1585271561336743813,2025-08-16
5404326610889164485,2025-08-16
1585271561336996097,2025-08-16
1585271561336690284,2025-08-16
1585271561337038249,2025-08-16
7216523054423338368,2025-08-16
1585271561336835370,2025-08-16
4908937353777222016,2025-08-16
1585271561337011960,2025-08-16
5413337214202460504,2025-08-16
1585271561336901830,2025-08-16
3900642690452981440,2025-08-16
1522229159996371777,2025-08-17
1008811808132899372,2025-08-17
5054144278165766912,2025-08-17
5044039385649898752,2025-08-17
6494202711772197954,2025-08-17
4116938418784426305,2025-08-17
3747000630363940446,2025-08-17
1522227705709270419,2025-08-17
1585271561336628467,2025-08-17
5557453419725369300,2025-08-17
2738194092690289674,2025-08-17
5989799398687552961,2025-08-17
6557246880847484935,2025-08-17
6341074104264853628,2025-08-17
1585271561336821769,2025-08-17
2305848744076622362,2025-08-17
7998399998816616136,2025-08-17
648524241621891147,2025-08-17
6341074104264853933,2025-08-17
658886432696710656,2025-08-17
5764614806234615889,2025-08-17
5034735005980,2025-08-17
1297043747262592714,2025-08-17
8872102004503143591,2025-08-17
5034735006055,2025-08-17
6052843423965704462,2025-08-17
6052843385257647256,2025-08-17
1585271561336983258,2025-08-17
6341074104264852173,2025-08-17
9089272665615484736,2025-08-17
8872104940726666496,2025-08-17
225193224868730880,2025-08-17
1585271561336656962,2025-08-17
1585271561337011960,2025-08-17
2233792731551792023,2025-08-17
8656829890936839488,2025-08-17
6494204680310920704,2025-08-17
7935354974073817793,2025-08-17
2603089774927639744,2025-08-17
1873514497487928217,2025-08-17
2819265432429083136,2025-08-17
1585271561336825728,2025-08-17
5413337214202462653,2025-08-17
6052843423965704370,2025-08-17
6999901611225248000,2025-08-17
576468234569919249,2025-08-17
1594285565167032960,2025-08-18
1585271561336833608,2025-08-18
9007204635750639287,2025-08-18
3611898983435468162,2025-08-18
6196961100373024751,2025-08-18
5476383163815322072,2025-08-18
4116938418784426305,2025-08-18
3035438258777611712,2025-08-18
1585271561337052048,2025-08-18
4406179372370382720,2025-08-18
1585271561336920198,2025-08-18
6341074104264855981,2025-08-18
1306055321721055768,2025-08-18
8872102004503143591,2025-08-18
7493996866413375452,2025-08-18
3179552246924931267,2025-08-18
6629304165209877269,2025-08-18
6341074104264853628,2025-08-18
3396757699807377792,2025-08-18
5629511854270500800,2025-08-18
2963380814038314050,2025-08-18
4899922101829706304,2025-08-18
1162022737893971328,2025-08-18
1161942522438334849,2025-08-18
441361688982364354,2025-08-18
5188154264055125095,2025-08-18
2675150653541831553,2025-08-18
5413337214202463640,2025-08-18
4692759896965140290,2025-08-18
7493996875135986974,2025-08-18
1585271561336969686,2025-08-18
1585271561336926077,2025-08-18
8502803222098581352,2025-08-18
5125107252771462745,2025-08-18
5701569099948066304,2025-08-18
504420608908999809,2025-08-18
4035232106963127754,2025-08-18
1585271561336711046,2025-08-18
1585271561336638896,2025-08-18
1585271561336743457,2025-08-18
5034735007653,2025-08-18
1873514497487928217,2025-08-18
6566258848326419843,2025-08-18
3891117339130576500,2025-08-18
6629304165209877527,2025-08-18
1585271561337012374,2025-08-18
1585271561336631758,2025-08-19
585481725913662850,2025-08-19
8801543622528988544,2025-08-19
576467812758562318,2025-08-19
1307184097019787264,2025-08-19
3530830270264484172,2025-08-19
6639112219012110336,2025-08-19
8935147025123496246,2025-08-19
6134234458814318272,2025-08-19
946746831021874560,2025-08-19
2233792637557835906,2025-08-19
2449965110012013004,2025-08-19
1585271561336619618,2025-08-19
7358893580340059008,2025-08-19
6052843423965704112,2025-08-19
2377907662666834967,2025-08-19
1585271561336969686,2025-08-19
3891117339130576500,2025-08-19
2963380294261557249,2025-08-19
801651201304652255,2025-08-19
4404532838566918914,2025-08-19
1585271561336765283,2025-08-19
4188356816114174594,2025-08-19
6629304165209877269,2025-08-19
874294004464681344,2025-08-19
6061859049728067841,2025-08-19
6052843423965704810,2025-08-19
4116938418784426305,2025-08-19
6133915128677068544,2025-08-19
6350087783588510912,2025-08-19
2315718326334908096,2025-08-19
6413133404652385618,2025-08-19
7023315206273,2025-08-19
792639191900656652,2025-08-19
1585271561336939603,2025-08-19
8070457395203815371,2025-08-19
1585271561337000714,2025-08-19
6557248337293372492,2025-08-19
1585271561336710324,2025-08-19
5557452949714472260,2025-08-19
5034735004929,2025-08-19
801649609405801345,2025-08-19
7205765802269030917,2025-08-19
1666343015431464640,2025-08-19
6701361217345428191,2025-08-19
3901257438148375808,2025-08-19
8872102004503143591,2025-08-19
8224696301186869952,2025-08-19
4548647573216189315,2025-08-19
6052843423965704001,2025-08-19
2458979315686200704,2025-08-19
1585271561337014587,2025-08-19
8214573783198591450,2025-08-19
5034735007817,2025-08-19
2305848744076623468,2025-08-19
4693213739758153216,2025-08-19
1738403280270864769,2025-08-19
6783543574302617344,2025-08-19
7719183474830902656,2025-08-20
2388541402619723073,2025-08-20
657540071955486912,2025-08-20
2738194092690289675,2025-08-20
1585271561336615171,2025-08-20
2170746759837790082,2025-08-20
6494202711772197954,2025-08-20
1585271561336626094,2025-08-20
5034735007162,2025-08-20
2305850098877774736,2025-08-20
2738194092690289674,2025-08-20
2449965110012013004,2025-08-20
5269224077618120705,2025-08-20
4827866083748751168,2025-08-20
4980991965168188033,2025-08-20
7854284809238590800,2025-08-20
3828751370547352448,2025-08-20
945767174589347539,2025-08-20
1306055321721055758,2025-08-20
6701361217345430046,2025-08-20
1585271561336656962,2025-08-20
6566259564838451588,2025-08-20
1585271561336662295,2025-08-20
1585271561336971254,2025-08-20
3674945297996420289,2025-08-20
658983189719959233,2025-08-20
1306055918923481346,2025-08-20
8800699037240317312,2025-08-20
8224440644842975296,2025-08-20
2522022820172099456,2025-08-20
8872102004503143591,2025-08-20
4764821538666023488,2025-08-20
6629304165209879065,2025-08-20
2377907662666834967,2025-08-20
5764614806234615889,2025-08-20
8718974580309867102,2025-08-20
1585271561337011960,2025-08-20
1585271561336994462,2025-08-20
8872104940726666496,2025-08-20
8791033531835245313,2025-08-20
6710375698481685377,2025-08-20
1585271561336699841,2025-08-20
801654530129728256,2025-08-20
1585271561336660303,2025-08-20
1585271561336664412,2025-08-20
3901328918400269249,2025-08-20
225915842651795840,2025-08-20
8367700422180130944,2025-08-20
1585271561336890904,2025-08-20
1585271561336957025,2025-08-20
3891117339130576500,2025-08-20
5116096277414530614,2025-08-21
8295642745197941185,2025-08-21
658807267859499264,2025-08-21
4908937353777222017,2025-08-21
5034735007627,2025-08-21
369307611172934656,2025-08-21
3179553159315044352,2025-08-21
5116095829525861647,2025-08-21
9088463425057405824,2025-08-21
864698737912134848,2025-08-21
4980991965168188033,2025-08-21
6711627055058155776,2025-08-21
4620705792101764544,2025-08-21
5548441990942654369,2025-08-21
1585271561336928856,2025-08-21
5629511854270500800,2025-08-21
1585271561336660151,2025-08-21
3468190953716712128,2025-08-21
1585271561337014604,2025-08-21
3900421809311229248,2025-08-21
3251609575546333699,2025-08-21
585481725913663553,2025-08-21
1585271561337053395,2025-08-21
5034735006958,2025-08-21
2305848744076622568,2025-08-21
7863297158852508864,2025-08-21
4837337629923812032,2025-08-21
8872103381380754816,2025-08-21
2449965668495115337,2025-08-21
2314863335846567296,2025-08-21
1666343015431464640,2025-08-21
2459331523322437248,2025-08-21
3901257438148375808,2025-08-21
6710375698481685377,2025-08-21
297779773344194752,2025-08-21
5053047850564656579,2025-08-21
8872102004503143591,2025-08-21
1585271561336710324,2025-08-21
5053052694490078976,2025-08-21
6206643039465930496,2025-08-21
4908937353777220800,2025-08-21
7719182053721748033,2025-08-21
369305764258770457,2025-08-21
1585271561337003723,2025-08-21
4107288419676846194,2025-08-21
945768468522226048,2025-08-21
8656829890936839488,2025-08-22
5629511959330150400,2025-08-22
1585271561336983258,2025-08-22
1585271561336980948,2025-08-22
3395725322111671693,2025-08-22
3819059828034287278,2025-08-22
1585271561336986701,2025-08-22
2449965262016764108,2025-08-22
8286630365325210817,2025-08-22
360293909705804778,2025-08-22
2675152120263606400,2025-08-22
3684346221097551104,2025-08-22
7359688153861531776,2025-08-22
1585271561337041708,2025-08-22
4035232106963127754,2025-08-22
4611694214010660315,2025-08-22
1585271561336704203,2025-08-22
3674945297996420289,2025-08-22
4107288419676846194,2025-08-22
8800839774728679360,2025-08-22
432351254888983313,2025-08-22
6711258133403826048,2025-08-22
1585271561336637755,2025-08-22
945768468522223170,2025-08-22
6052843423965704211,2025-08-22
1585271561336679215,2025-08-22
6279193784262148864,2025-08-22
2098689768527749313,2025-08-22
1585271561337017810,2025-08-22
1585271561336938590,2025-08-22
6629304165209876908,2025-08-22
4406223391538753408,2025-08-22
360293909705804759,2025-08-22
1585271561336959947,2025-08-22
1585271561336890904,2025-08-22
8511817191720792833,2025-08-22
3972185637577204576,2025-08-22
2315718326334908096,2025-08-22
7719923961297613184,2025-08-23
946553516040883456,2025-08-23
3900421809311229248,2025-08-23
6133915128677068544,2025-08-23
1585271561336747433,2025-08-23
6926550239007909313,2025-08-23
2738194092690289797,2025-08-23
1738402854492787200,2025-08-23
5034735004737,2025-08-23
6701361217345430535,2025-08-23
5620500508436996544,2025-08-23
2098735651169564096,2025-08-23
1585271561336633756,2025-08-23
874294004464681344,2025-08-23
1585271561336999191,2025-08-23
5701568878757409536,2025-08-23
4476591665707205376,2025-08-23
6629304165209877269,2025-08-23
7277824762114536064,2025-08-23
7493996866413376389,2025-08-23
947266303761335936,2025-08-23
2305848744076623087,2025-08-23
8295643071445389184,2025-08-23
3900184093615851072,2025-08-23
1585271561336645407,2025-08-23
1585271561337036739,2025-08-23
4692763109658532032,2025-08-23
1585271561336950266,2025-08-23
2460299093554921792,2025-08-23
5034735006958,2025-08-23
7782237263903297792,2025-08-23
8214573661547136012,2025-08-23
2449965262016764108,2025-08-23
1585271561336695605,2025-08-23
3458771664316827264,2025-08-23
1585271561336864967,2025-08-23
1585271561336710324,2025-08-23
3314657355444378131,2025-08-23
1585271561337003723,2025-08-23
7863296014223308754,2025-08-23
4476588735011997195,2025-08-23
1585271561337044959,2025-08-23
6845478493809504321,2025-08-23
5980787599406315060,2025-08-23
1585271561336694153,2025-08-23
1585271561337014587,2025-08-23
1585274423917697353,2025-08-23
3891115984388077728,2025-08-23
3036777244507937536,2025-08-23
7286838098605874561,2025-08-23
7359688153861531776,2025-08-24
7494006837979078363,2025-08-24
4107288419676846176,2025-08-24
8574860749468303938,2025-08-24
8872102004503143591,2025-08-24
7430953319858640640,2025-08-24
1585271561337003723,2025-08-24
1585271561336864392,2025-08-24
6711600666779088385,2025-08-24
1738402854492787200,2025-08-24
4179347521753443585,2025-08-24
369305764258770457,2025-08-24
6557248384888777418,2025-08-24
8223583779818498764,2025-08-24
5054311514524504576,2025-08-24
3458772217278542081,2025-08-24
4764817325728900033,2025-08-24
1585271561337001997,2025-08-24
3242598036180166413,2025-08-24
1585271561337019311,2025-08-24
8583872020953723010,2025-08-24
1585271561336621725,2025-08-24
1585271561337026787,2025-08-24
6927737971451443776,2025-08-24
6341074104264850252,2025-08-24
5332267584642577124,2025-08-24
1585271561336902056,2025-08-24
1585271561336939603,2025-08-24
5188154048402068337,2025-08-24
1585271561336992295,2025-08-24
1585271561336969544,2025-08-24
6052843423965704818,2025-08-24
1585271561336737730,2025-08-24
4035232106963127754,2025-08-24
216178771397981588,2025-08-24
4764817325728906946,2025-08-24
1585271561336664303,2025-08-24
936754186446803894,2025-08-24
1585271561336585724,2025-08-24
7421939452518496470,2025-08-24
1585271561336834944,2025-08-24
7863296014223308754,2025-08-24
6052843423965704248,2025-08-24
5034735006935,2025-08-24
2377908555547499394,2025-08-24
4116894438319313472,2025-08-24
3098483602160404120,2025-08-24
7719181970776511680,2025-08-24
1729388589032331985,2025-08-24
1585271561336957025,2025-08-24
1739855415287684224,2025-08-24
6278815552262177920,2025-08-25
5629511959330150400,2025-08-25
7421937771504245228,2025-08-25
1585271561336933097,2025-08-25
2026631416935243265,2025-08-25
1585271561336864392,2025-08-25
2882311619798083050,2025-08-25
153134115717878784,2025-08-25
432351254888983589,2025-08-25
1585271561337026298,2025-08-25
1585271561336678099,2025-08-25
2386920338217059969,2025-08-25
2089678422698788480,2025-08-25
1954573939019829505,2025-08-25
6629304165209878806,2025-08-25
1873504003816618386,2025-08-25
1585271561336934723,2025-08-25
9089589590384660800,2025-08-25
4692759896965136128,2025-08-25
1585271561336946479,2025-08-25
7791238182408561865,2025-08-25
2522022845598858264,2025-08-25
1585271561336777542,2025-08-25
1585271561336826681,2025-08-25
8079471306778780160,2025-08-25
1585271561336766040,2025-08-25
3179553159315036544,2025-08-25
1585271561336584729,2025-08-25
2954367870147816270,2025-08-25
2305848744076623651,2025-08-25
1008812355581841236,2025-08-25
1594287976076177216,2025-08-25
729595702993863938,2025-08-25
6701361217345430047,2025-08-25
3242598857385037098,2025-08-25
8583871904837544942,2025-08-25
153131677170000386,2025-08-25
1585271561336650970,2025-08-25
1018972009783960384,2025-08-25
4548647302267618240,2025-08-25
1585271561336957025,2025-08-25
1585271561337020061,2025-08-25
5034735007866,2025-08-25
945767318361640843,2025-08-25
2242801434868013825,2025-08-25
1585271561337001527,2025-08-25
3036109205924930880,2025-08-25
6629304165209877951,2025-08-25
1008812355581841229,2025-08-25
1585271561336763206,2025-08-25
8223583779818498764,2025-08-25
1585271561337046328,2025-08-25
2017618760585038672,2025-08-25
6629304165209876588,2025-08-25
1585271561336610835,2025-08-25
7719181970776511680,2025-08-25
1585271561337009291,2025-08-25
369306588173643414,2025-08-25
5487034636141470080,2025-08-25
945768468522226048,2025-08-25
6917536399313463508,2025-08-26
945767318361640843,2025-08-26
432353157092746305,2025-08-26
8367700422180130944,2025-08-26
9079264347632290093,2025-08-26
4117386362847523008,2025-08-26
1450167894921152576,2025-08-26
6341074104264853846,2025-08-26
6629304165209877317,2025-08-26
8079469907788944258,2025-08-26
1954920702784737664,2025-08-26
6629304165209878011,2025-08-26
2531033574337164798,2025-08-26
7215590911962668352,2025-08-26
4035232106963127754,2025-08-26
1585271561337020061,2025-08-26
4693328088967446145,2025-08-26
1585271561336856866,2025-08-26
1585271561336856099,2025-08-26
2604256311380796096,2025-08-26
2388593940434537216,2025-08-26
2738194092690289674,2025-08-26
3747000630363940472,2025-08-26
8863091449405593921,2025-08-26
1873514497487928217,2025-08-26
8935147025123496246,2025-08-26
6629304165209877741,2025-08-26
1585271561336965723,2025-08-26
8151526594975941451,2025-08-26
3828751370547352448,2025-08-26
3036795599778856512,2025-08-26
3035438502080357056,2025-08-26
8872102518756436239,2025-08-26
4260416483740630784,2025-08-26
2458979132178470784,2025-08-26
1585271561337050252,2025-08-26
5836672477688188876,2025-08-26
6135518688395622272,2025-08-26
1585271561336826681,2025-08-26
1585271561336784959,2025-08-26
1585271561337035030,2025-08-26
1594285565167032960,2025-08-27
6341072931965191627,2025-08-27
5269223972552621825,2025-08-27
648525784378109697,2025-08-27
1585271561336929916,2025-08-27
1585271561336612931,2025-08-27
3467783911479856448,2025-08-27
4107288419676846194,2025-08-27
1585271561337034659,2025-08-27
3314654999816724430,2025-08-27
1585271561336969686,2025-08-27
4764817325728907460,2025-08-27
1585271561336775309,2025-08-27
4620705145135816385,2025-08-27
1585271561336901830,2025-08-27
5908730160197042067,2025-08-27
2171172411806769216,2025-08-27
1585271561337034979,2025-08-27
2388593940434537216,2025-08-27
360295029579446279,2025-08-27
1585271561336690460,2025-08-27
5404327400063577413,2025-08-27
1369101347001709768,2025-08-27
1666345625407870272,2025-08-27
7023315206530,2025-08-27
792640588831739466,2025-08-27
1738421652124963520,2025-08-27
1585271561336788923,2025-08-27
7071730495301498368,2025-08-27
7782225973962771564,2025-08-27
1585271561336626054,2025-08-27
6494201578204133717,2025-08-27
8511814487741101120,2025-08-27
6341072931965191598,2025-08-27
8152057611953077120,2025-08-27
6052843423965704305,2025-08-27
3098483602160404038,2025-08-27
657538164249049536,2025-08-27
6629304165209878894,2025-08-27
2305848744076622784,2025-08-27
5980787599406315967,2025-08-27
2305848744076623288,2025-08-27
6205972766929971266,2025-08-27
1585271561336926864,2025-08-27
1585271561336662224,2025-08-27
6052843423965704548,2025-08-27
5989799238315452801,2025-08-28
585481725913662850,2025-08-28
2738194092690289087,2025-08-28
1585271561337036299,2025-08-28
1585271561336766040,2025-08-28
5269904080958687936,2025-08-28
4107288419676846196,2025-08-28
1585271561336801587,2025-08-28
4908934288185497122,2025-08-28
6629304165209877269,2025-08-28
4107288419676846194,2025-08-28
1522228828218256834,2025-08-28
5764612461673938508,2025-08-28
1585271561336761691,2025-08-28
945767733079883138,2025-08-28
4693486955013172224,2025-08-28
1585271561336701134,2025-08-28
7576643904375722625,2025-08-28
4404531555695193092,2025-08-28
1585271561336682747,2025-08-28
3107495819638272003,2025-08-28
3963174951955398626,2025-08-28
3828751370547352448,2025-08-28
1008812355581841229,2025-08-28
5269224956824505472,2025-08-28
1585271561337032322,2025-08-28
6052843423965704088,2025-08-28
729595702993858241,2025-08-28
1585271561336994883,2025-08-28
1873514497487928217,2025-08-28
1585271561336641278,2025-08-28
2386919846102515585,2025-08-28
1585271561336929916,2025-08-28
2738194092690288910,2025-08-28
1585271561336646127,2025-08-28
8800241640403122304,2025-08-28
7143312829365637760,2025-08-28
6341072931965192096,2025-08-28
7142721539193745217,2025-08-28
369305764258770457,2025-08-28
1585271561337008237,2025-08-28
3747000630363940378,2025-08-28
1585271561337003723,2025-08-28
1585271561337050910,2025-08-28
2603089841281918144,2025-08-28
5053050012633474909,2025-08-29
2017619687499755987,2025-08-29
2449965110012013060,2025-08-29
1585271561337040758,2025-08-29
3098483602160404120,2025-08-29
1883917688565411456,2025-08-29
7926340078215188296,2025-08-29
1585271561336901830,2025-08-29
154456388469593153,2025-08-29
8295643071445389184,2025-08-29
7854284809238590800,2025-08-29
1585271561336915000,2025-08-29
6566259520606639653,2025-08-29
2738194092690289744,2025-08-29
1585271561336863782,2025-08-29
4179347512879791832,2025-08-29
5116096277414528843,2025-08-29
8007413447319366720,2025-08-29
6341074104264852173,2025-08-29
3963175104584410569,2025-08-29
6196960147642319177,2025-08-29
4694348524231748224,2025-08-29
360293909705804729,2025-08-29
4692759896965140290,2025-08-29
6701361217345430047,2025-08-29
1585271561337012250,2025-08-29
5197166057798799616,2025-08-29
946553516040883456,2025-08-29
4107288419676846096,2025-08-29
7430951976169581696,2025-08-29
1585271561337020061,2025-08-29
1666345625407870272,2025-08-29
1585271561336649869,2025-08-29
5908729607245342097,2025-08-29
5764614806234615889,2025-08-29
3179555127851548354,2025-08-29
4548648150500897859,2025-08-29
1585271561336985438,2025-08-29
2233792637557835906,2025-08-29
288237581944948164,2025-08-29
7061651753288142722,2025-08-29
1585271561336969686,2025-08-29
7719181970776511680,2025-08-29
1017826062559976640,2025-08-29
1585271561337003723,2025-08-29
1585271561336699873,2025-08-29
585481725913662850,2025-08-30
7998400403885849124,2025-08-30
2954367870147815893,2025-08-30
3963174951955399571,2025-08-30
1585271561336901830,2025-08-30
6341074104264854342,2025-08-30
7854285989967507009,2025-08-30
6629304165209876489,2025-08-30
1585271561336660151,2025-08-30
369305952269615221,2025-08-30
369307611172955267,2025-08-30
4107288419676846194,2025-08-30
6422145316800824449,2025-08-30
6341074104264852773,2025-08-30
5034735007817,2025-08-30
1585271561337003980,2025-08-30
3747000630363940378,2025-08-30
6485190696845706757,2025-08-30
6341074104264855793,2025-08-30
5116096277414528680,2025-08-30
873933248529290304,2025-08-30
7863297125675402690,2025-08-30
1585271561337012250,2025-08-30
6494202711772197954,2025-08-30
4621543621710966144,2025-08-30
442220593809808000,2025-08-30
1585271561337003723,2025-08-30
8152057611953077120,2025-08-30
1585271561336835297,2025-08-30
1666345625407870272,2025-08-30
2882320808503180353,2025-08-30
5053291239618905536,2025-08-30
1585271561336712277,2025-08-30
6998605383433991296,2025-08-30
6629304165209878911,2025-08-30
8574870980796811329,2025-08-30
1811517695181466688,2025-08-30
1585271561337011960,2025-08-30
946746831021874560,2025-08-30
1585271561337053064,2025-08-30
5188164337494697408,2025-08-30
6926708828567794560,2025-08-30
1585271561336995760,2025-08-30
8214573661547136012,2025-08-31
1739916987938841344,2025-08-31
6052843423965704462,2025-08-31
1008813765626939328,2025-08-31
8800044858368715081,2025-08-31
1585271561337022991,2025-08-31
6341074104264856121,2025-08-31
1585271561337052048,2025-08-31
8872104940726666496,2025-08-31
1729388589032331985,2025-08-31
3107495819638272003,2025-08-31
4035232106963127754,2025-08-31
4107288419676846194,2025-08-31
3674944595721693153,2025-08-31
3684346221097551104,2025-08-31
6052843385257647256,2025-08-31
4405819833020689728,2025-08-31
6413133733194254145,2025-08-31
1585271561336995405,2025-08-31
8800042911955350657,2025-08-31
7430951976169581696,2025-08-31
369306588173643414,2025-08-31
1585271561337037325,2025-08-31
936754186446804364,2025-08-31
1585271561336868282,2025-08-31
1585271561337003723,2025-08-31
2233791780476071135,2025-08-31
2882310110228255577,2025-08-31
1585271561336873821,2025-08-31
4476589022556912726,2025-08-31
5116096277414529114,2025-08-31
1738403280270865088,2025-08-31
1585271561336848397,2025-08-31
5034735006231,2025-08-31
4764817325728902338,2025-08-31
7791241002509635648,2025-08-31
8223583779818498764,2025-08-31
2388593940434537216,2025-08-31
1585271561336621440,2025-08-31
6341074104264850515,2025-08-31
5260212106927630418,2025-08-31
2594080773626549720,2025-08-31
8935148960500686848,2025-08-31
6629304165209877937,2025-09-01
2820368256337542656,2025-09-01
1585271561336864392,2025-09-01
8801587602994100992,2025-09-01
4982139327975126848,2025-09-01
1585271561336591036,2025-09-01
7493996866413375600,2025-09-01
3035438502080357056,2025-09-01
6341074104264853248,2025-09-01
1234106687033542272,2025-09-01
8935149430517089345,2025-09-01
369305952269615221,2025-09-01
1585271561336939603,2025-09-01
1738401389149753088,2025-09-01
1585271561336694823,2025-09-01
1585271561337020061,2025-09-01
7286835908884541698,2025-09-01
2531033574337167435,2025-09-01
3035695363773500224,2025-09-01
1729388589032331985,2025-09-01
9007204939872883156,2025-09-01
9019386599898176,2025-09-01
2458979060291586944,2025-09-01
864698737912134848,2025-09-01
1585271561336783281,2025-09-01
4692759896965140290,2025-09-01
1585271561336768127,2025-09-01
2882310110228255577,2025-09-01
1585271561337032322,2025-09-01
5269224077618129344,2025-09-01
2676366571384260096,2025-09-01
1666417358041848384,2025-09-01
4899922101829706304,2025-09-01
5332267584642577373,2025-09-01
8872104940726666496,2025-09-01
6629304165209877951,2025-09-01
1369100607782063232,2025-09-01
7719181224280449171,2025-09-01
1585271561337039693,2025-09-01
369306588173643414,2025-09-01
2170748789204100864,2025-09-01
5116096277414531212,2025-09-01
5548440531134326352,2025-09-01
5629513342402052800,2025-09-01
1585271561337003723,2025-09-01
153131677170000386,2025-09-01
3098483602160404120,2025-09-02
8511817191720792833,2025-09-02
801651201304651908,2025-09-02
3747000630363940446,2025-09-02
1585271561337005483,2025-09-02
3035438502080357056,2025-09-02
7854284809238590800,2025-09-02
8511816616643963712,2025-09-02
5413337214202460504,2025-09-02
5548441990942654369,2025-09-02
6566258848326415630,2025-09-02
2171172411806769216,2025-09-02
5332267584642577438,2025-09-02
1585271561336867515,2025-09-02
8007413447319366784,2025-09-02
1585271561336983258,2025-09-02
2233792554604319486,2025-09-02
4621551721074391360,2025-09-02
5197164802577444492,2025-09-02
6629304165209879087,2025-09-02
864698737912134848,2025-09-02
1585271561336830177,2025-09-02
1585271561336939603,2025-09-02
6927906236549392704,2025-09-02
945767876848620097,2025-09-02
6413133404652387456,2025-09-02
3611898983435468034,2025-09-02
5197177867537097536,2025-09-02
1585271561336614914,2025-09-02
1585271561337041907,2025-09-02
6917536006719961088,2025-09-02
8935147025123495532,2025-09-02
1585271561337043133,2025-09-02
369306588173643414,2025-09-02
4764817325728908033,2025-09-02
3747000630363940378,2025-09-02
6134401584581749120,2025-09-02
9079264347632290093,2025-09-03
5692557201135915351,2025-09-03
2386920338217059969,2025-09-03
1522327548243721536,2025-09-03
874935295345132736,2025-09-03
6205971677594288269,2025-09-03
1585271561337001691,2025-09-03
5629512294492520448,2025-09-03
6052843423965704632,2025-09-03
2963380814038314050,2025-09-03
5332267584642577225,2025-09-03
1729388589032331985,2025-09-03
6341074104264852447,2025-09-03
1585271561336820883,2025-09-03
8225073963540604608,2025-09-03
1585271561337038149,2025-09-03
2305848744076623575,2025-09-03
7782225973962771564,2025-09-03
3747000630363940378,2025-09-03
2314997046707036224,2025-09-03
5991025196473750720,2025-09-03
3963174911056333763,2025-09-03
1585271561337034979,2025-09-03
4764820333211849217,2025-09-03
6782432877799020226,2025-09-03
7998400403885849124,2025-09-03
6135386747000281408,2025-09-03
514356888197939264,2025-09-03
1585271561336655036,2025-09-03
8079469907788937793,2025-09-03
8430745724812681766,2025-09-03
1945560541685068881,2025-09-03
3900491956871671808,2025-09-03
1585271561336931656,2025-09-03
1585271561336694823,2025-09-03
1152927875435249095,2025-09-03
6196958805535046227,2025-09-03
6494548988816895168,2025-09-03
1585271561336659765,2025-09-03
2305848744076623062,2025-09-03
1585271561337046328,2025-09-03
369306588173643414,2025-09-03
576468234569919016,2025-09-03
1585271561337035030,2025-09-03
4548647573216189508,2025-09-03
1667876516070682816,2025-09-03
5917743916947192128,2025-09-03
4611694214010660315,2025-09-03
6927906236549392704,2025-09-03
1522228125953156623,2025-09-04
4548647573216189508,2025-09-04
1739916987938841344,2025-09-04
153135415178498816,2025-09-04
153134458553130756,2025-09-04
1585271561336591036,2025-09-04
1585271561336869247,2025-09-04
2170746759837790082,2025-09-04
1585271561337032712,2025-09-04
6052843423965704462,2025-09-04
1585271561336872859,2025-09-04
5332267584642577320,2025-09-04
3819059496266608833,2025-09-04
288237581944941504,2025-09-04
1585271561337053502,2025-09-04
7998399996666934086,2025-09-04
1585271561337001997,2025-09-04
2892056331466722048,2025-09-04
5332267584642577171,2025-09-04
1585271561337020061,2025-09-04
576468234569918595,2025-09-04
1585271561336614914,2025-09-04
9019386599898176,2025-09-04
1522228170194818271,2025-09-04
3179555127851548354,2025-09-04
1738403280270864769,2025-09-04
4107288419676846194,2025-09-04
2233791780476071135,2025-09-04
7782225885427882465,2025-09-04
1585271561336904626,2025-09-04
6494202667536138817,2025-09-04
1954573939019838786,2025-09-04
8368046610810598016,2025-09-04
2963380775332158848,2025-09-04
2017617721001842121,2025-09-04
945767318361641418,2025-09-04
6269016405102146037,2025-09-04
7503006943643357904,2025-09-04
360293909705804832,2025-09-04
8079595734940443904,2025-09-04
2603091666043309623,2025-09-04
2171162808295697920,2025-09-04
5034735006943,2025-09-04
3747000630363940378,2025-09-04
1585271561336694823,2025-09-04
5197164996113048095,2025-09-05
1585271561337036473,2025-09-05
6341074104264853769,2025-09-05
2388593940434537216,2025-09-05
2233791780476071135,2025-09-05
8152806043001719616,2025-09-05
6133914376630411968,2025-09-05
7576643904375722625,2025-09-05
2386920338217059969,2025-09-05
4035232106963127754,2025-09-05
1450170609329819785,2025-09-05
7863297158852508864,2025-09-05
1585271561337018567,2025-09-05
5485393630446062144,2025-09-05
1585271561337020061,2025-09-05
2314863075954556928,2025-09-05
3179553159315036544,2025-09-05
6133914376630410496,2025-09-05
369306588173643414,2025-09-05
1585271561336869247,2025-09-05
2242805481916280257,2025-09-05
1585271561336935049,2025-09-05
1585271561336614914,2025-09-05
9016219708573634752,2025-09-05
1585271561336814638,2025-09-05
5332269562722802510,2025-09-05
6196957590398471887,2025-09-05
5044039385649898752,2025-09-05
2819265587255210048,2025-09-05
6350087783588511427,2025-09-05
1585271561337042746,2025-09-05
6629304165209877571,2025-09-05
6341074104264850314,2025-09-05
1585271561337035030,2025-09-05
3900413013218207040,2025-09-05
6782434890573852224,2025-09-06
7791241212634245504,2025-09-06
6629304165209877571,2025-09-06
7000147901829877888,2025-09-06
4611691438142762188,2025-09-06
5980786504561921985,2025-09-06
3747002051529436418,2025-09-06
1954574044080790082,2025-09-06
1585271561336633756,2025-09-06
504410216844887574,2025-09-06
6917536153237305307,2025-09-06
4476590604025628032,2025-09-06
7576643904375722625,2025-09-06
2458976605148927104,2025-09-06
1585271561336914069,2025-09-06
1585271561336902743,2025-09-06
3747000630363940378,2025-09-06
2747209021724868544,2025-09-06
1729388589032331985,2025-09-06
1585271561337010021,2025-09-06
8295641136078297884,2025-09-06
5629512114161347456,2025-09-06
2017618760585040015,2025-09-06
7493996875135986836,2025-09-06
1585271561336997909,2025-09-06
3901143088939080448,2025-09-06
1585271561336626556,2025-09-06
1585271561336775094,2025-09-06
6494204680310919616,2025-09-06
1297043747262592721,2025-09-06
5260209176225692826,2025-09-06
7998400403885849124,2025-09-06
369306588173643414,2025-09-06
369305952269615221,2025-09-06
5044039385649898752,2025-09-06
2819265587255210048,2025-09-06
2810253572328674212,2025-09-06
1585271561336995760,2025-09-06
5989799398687550529,2025-09-06
3747002170039225546,2025-09-06
1585271561337038249,2025-09-06
2233791780476071135,2025-09-06
3037103662119550208,2025-09-06
3108949386821273216,2025-09-07
3098483602160404120,2025-09-07
2594080439968917002,2025-09-07
6566259415539717973,2025-09-07
1585271561337052048,2025-09-07
648524241621891017,2025-09-07
7430953319858640640,2025-09-07
4693943903952713920,2025-09-07
1585271561336660127,2025-09-07
1585271561336857693,2025-09-07
1585271561336634268,2025-09-07
874855854027596352,2025-09-07
1585271561337020061,2025-09-07
6061858568653267968,2025-09-07
1585271561336584084,2025-09-07
1513217089771005832,2025-09-07
7576643904375722625,2025-09-07
1955985030040472000,2025-09-07
6052843423965704272,2025-09-07
3395728048205572672,2025-09-07
1873514497487928217,2025-09-07
1585271561336775094,2025-09-07
1585271561337050126,2025-09-07
2242805481916280257,2025-09-07
6413133404652387456,2025-09-07
8368054544090180032,2025-09-07
6052843423965704355,2025-09-07
1585271561337007204,2025-09-07
1585271561337051825,2025-09-07
4476589022556912707,2025-09-07
6133915128677070976,2025-09-07
6629304165209877951,2025-09-07
6494548988816895168,2025-09-07
6341072931965192431,2025-09-07
1585271561337033485,2025-09-07
1585271561337042692,2025-09-07
2532129028778963712,2025-09-07
6629304165209879257,2025-09-07
1585271561336799081,2025-09-07
1306110973670995840,2025-09-07
7638112022221130127,2025-09-07
2233791780476071135,2025-09-07
4332819951031581440,2025-09-07
1089883064924784002,2025-09-07
2819265587255210048,2025-09-07
2242805481916280257,2025-09-08
3611898983435468162,2025-09-08
7576643904375722625,2025-09-08
6782432877799019008,2025-09-08
2522022820172099456,2025-09-08
2305848744076623794,2025-09-08
1585271561336818327,2025-09-08
6629304165209876323,2025-09-08
4908935571058711553,2025-09-08
4467577889871891914,2025-09-08
1585271561336910174,2025-09-08
7854284809238590800,2025-09-08
1233998612444276034,2025-09-08
6629304165209879065,2025-09-08
1585271561337010551,2025-09-08
1585271561336951321,2025-09-08
7791241212634245504,2025-09-08
6701361217345430838,2025-09-08
1873514497487928217,2025-09-08
5764613821978702669,2025-09-08
1585271561336939603,2025-09-08
2603091666043309470,2025-09-08
2747685100073029696,2025-09-08
1585271561337054434,2025-09-08
1306055321721055758,2025-09-08
1234238628428884736,2025-09-08
4035232106963127754,2025-09-08
2819266848006029056,2025-09-08
442589780884584704,2025-09-08
802895868571482816,2025-09-08
3467784160333702145,2025-09-08
3828751370547352448,2025-09-08
360293909705804832,2025-09-08
2171356322342196032,2025-09-08
442220593809808000,2025-09-08
3611898983435468929,2025-09-08
6133915128677097669,2025-09-08
1585271561336659448,2025-09-08
7638112022221130081,2025-09-08
1585271561336625947,2025-09-08
2089677781257940480,2025-09-08
2233802556162050177,2025-09-08
2233791780476071135,2025-09-08
2315410463079109376,2025-09-08
1233997180257176773,2025-09-08
3251611007714857603,2025-09-08
7926340078215188296,2025-09-08
8152383067394922560,2025-09-09
8583871904837544942,2025-09-09
946914460040435776,2025-09-09
1585271561336901830,2025-09-09
6566261173957204161,2025-09-09
729595702993863104,2025-09-09
1585271561336926023,2025-09-09
3467783911479848960,2025-09-09
6052843423965704468,2025-09-09
8863091449405593921,2025-09-09
2386920338217059969,2025-09-09
1738659146636609152,2025-09-09
7430953319858640640,2025-09-09
1585271561336934723,2025-09-09
6422376404000974784,2025-09-09
4188358933945245397,2025-09-09
6485190517591018432,2025-09-09
4683751454157203671,2025-09-09
1585271561336778382,2025-09-09
1585271561336939603,2025-09-09
7576643904375722625,2025-09-09
6566258848326450193,2025-09-09
7854285989967507009,2025-09-09
1954762378621260800,2025-09-09
9019386599899073,2025-09-09
5332267584642577280,2025-09-09
8502804186997688729,2025-09-09
5980787599406315050,2025-09-09
2242805481916280257,2025-09-09
1585271561336999191,2025-09-09
3747000630363940378,2025-09-09
1585271561337029088,2025-09-09
1954572816503618359,2025-09-09
2017618263886176578,2025-09-09
5990866601320619776,2025-09-09
4548647573216181953,2025-09-09
1585271561336934307,2025-09-09
6341074104264851331,2025-09-09
6711600666779088385,2025-09-09
6927906236549392704,2025-09-09
2305848744076623794,2025-09-10
2242804895778101824,2025-09-10
8511817191720792833,2025-09-10
4755806029018135186,2025-09-10
7576643904375722625,2025-09-10
442405311763283456,2025-09-10
1233998501833434304,2025-09-10
1585271561336808997,2025-09-10
6052843423965704808,2025-09-10
8872102004503143591,2025-09-10
1585271561336934723,2025-09-10
5034735007817,2025-09-10
1585271561336629194,2025-09-10
369306588173643414,2025-09-10
5034735006621,2025-09-10
1729388589032331985,2025-09-10
3747000630363940378,2025-09-10
7719183474830902656,2025-09-10
3467784016540726144,2025-09-10
8007412031770014786,2025-09-10
4692759896965140290,2025-09-10
1585271561336934307,2025-09-10
2963380294261557249,2025-09-10
1585271561336969686,2025-09-10
6566259758382327448,2025-09-10
2954367870147816266,2025-09-10
1585271561336698086,2025-09-10
1585271561336990527,2025-09-10
874689828650696896,2025-09-10
1585271561336884663,2025-09-10
1585271561336690284,2025-09-10
1585271561337041917,2025-09-10
1585271561336801038,2025-09-10
792641370587578176,2025-09-10
8511814487741101120,2025-09-10
1810488552298001280,2025-09-10
6927906236549392704,2025-09-10
72064849589779076,2025-09-10
7575067590023580160,2025-09-10
4908935609760525954,2025-09-11
2522022433100765129,2025-09-11
6629304165209879240,2025-09-11
7503108959524484672,2025-09-11
3963174911056333763,2025-09-11
1450167894921152320,2025-09-11
5629511959330150400,2025-09-11
7277824441388353957,2025-09-11
1585271561336690284,2025-09-11
2458979132178470977,2025-09-11
1585271561336870094,2025-09-11
1585271561337051847,2025-09-11
8791033531611703372,2025-09-11
1585271561337003081,2025-09-11
6133915128677061312,2025-09-11
6052843423965704624,2025-09-11
8863091449405593921,2025-09-11
4332688031754152128,2025-09-11
7710170320803698944,2025-09-11
936754733896249415,2025-09-11
6917536153237304806,2025-09-11
1585271561336735664,2025-09-11
6998605659912808066,2025-09-11
2963380294261557249,2025-09-11
7576643904375722625,2025-09-11
8511814487741101120,2025-09-11
2233791780476071135,2025-09-11
369305764258770457,2025-09-11
5053273647432860544,2025-09-11
5908729607245342145,2025-09-11
5414405334764342208,2025-09-11
369306588173643414,2025-09-11
1585271561336660151,2025-09-11
4539635606295686581,2025-09-11
1585271561336826681,2025-09-11
1585271561336912413,2025-09-11
1585271561336772498,2025-09-11
4107288419676846156,2025-09-11
4539635606295686016,2025-09-11
6557248116081171925,2025-09-11
3891117576910363712,2025-09-11
1585271561336592787,2025-09-11
5044039385649898752,2025-09-11
2963380775332161280,2025-09-11
8718974580309866977,2025-09-11
4764817325728907840,2025-09-11
8368846861601515456,2025-09-11
1585271561336652799,2025-09-11
1017826062559976640,2025-09-11
5764614806234615889,2025-09-11
5269278562812822592,2025-09-12
4548647573216189508,2025-09-12
8511817191720792833,2025-09-12
7503108959524484672,2025-09-12
6629304165209877563,2025-09-12
2882321156862687168,2025-09-12
7277824441388353957,2025-09-12
1008814384946819138,2025-09-12
1585271561337051346,2025-09-12
8791033531835244932,2025-09-12
2387485871456972544,2025-09-12
1585271561336937810,2025-09-12
1450167894921152512,2025-09-12
2242805481916280257,2025-09-12
4764817325728901248,2025-09-12
5044039385649898752,2025-09-12
3747000630363940956,2025-09-12
1585271561336757826,2025-09-12
8511814465627459280,2025-09-12
1585271561337048067,2025-09-12
5476383163815322062,2025-09-12
1585271561337036739,2025-09-12
2305848744076623341,2025-09-12
3901143088939080448,2025-09-12
1585271561337022633,2025-09-12
7935353580615477845,2025-09-12
6052843423965704831,2025-09-12
7576643904375722625,2025-09-12
1873503837932558949,2025-09-12
2738194092690289683,2025-09-12
1162225048033493952,2025-09-12
801651201304651908,2025-09-12
6422367607907951168,2025-09-12
1018760831666127104,2025-09-12
7647123547297071040,2025-09-12
2170748346835341760,2025-09-12
1594284945847356739,2025-09-12
5980787364025193058,2025-09-12
1956151497532999744,2025-09-12
1585271561336620721,2025-09-12
5620499395138991826,2025-09-12
5332267584642577443,2025-09-12
1585271561337001264,2025-09-12
5269904080958687936,2025-09-12
7286835588169424773,2025-09-13
8142515912690093315,2025-09-13
9018203264608292,2025-09-13
8511817191720792833,2025-09-13
8214573009054501301,2025-09-13
5269222534854845313,2025-09-13
1585271561337051675,2025-09-13
4404648890887704256,2025-09-13
6052843423965704734,2025-09-13
864698737912134848,2025-09-13
4621385292036561088,2025-09-13
1585271561336824147,2025-09-13
1585271561336957025,2025-09-13
3036618914833532544,2025-09-13
6422145316800829120,2025-09-13
7277824839530652354,2025-09-13
7576643904375722625,2025-09-13
1585271561336682747,2025-09-13
6701361217345430577,2025-09-13
3098483602160404120,2025-09-13
3323697511522713536,2025-09-13
2603091538862898244,2025-09-13
9089915045826494208,2025-09-13
1585271561337012809,2025-09-13
6701361217345429716,2025-09-13
1585271561336916995,2025-09-13
7710168402041500433,2025-09-13
7430950853652251718,2025-09-13
2242803817500331040,2025-09-13
576468234569919249,2025-09-13
6638901112779566016,2025-09-13
7493998014236517538,2025-09-13
7998399998816616136,2025-09-13
1306055321721055758,2025-09-13
1585271561336950664,2025-09-13
1585271561336991852,2025-09-13
7926341023773843088,2025-09-13
3747000630363940378,2025-09-13
369306588173643414,2025-09-13
5034735006621,2025-09-13
2026631416935243264,2025-09-14
585481725913662850,2025-09-14
3251609575546333699,2025-09-14
1954572816503618257,2025-09-14
513460228649263553,2025-09-14
1585271561336650454,2025-09-14
7576643904375722625,2025-09-14
1585271561336818327,2025-09-14
6629304165209876384,2025-09-14
1585271561336689109,2025-09-14
8007412236336259073,2025-09-14
7358893773874609025,2025-09-14
1450169741182143061,2025-09-14
1883917688565411456,2025-09-14
936754186446804364,2025-09-14
8935148650840696384,2025-09-14
2531033574337163890,2025-09-14
369305764258770457,2025-09-14
297322376507018624,2025-09-14
6629304165209879164,2025-09-14
81073751971066881,2025-09-14
4406092511904389440,2025-09-14
8863090172069209728,2025-09-14
6052843423965704818,2025-09-14
4405582338509074176,2025-09-14
7000007313155770752,2025-09-14
6341072931965192431,2025-09-14
8935147025123496637,2025-09-14
864698737912134848,2025-09-14
4476588735011997195,2025-09-14
2603093264099099969,2025-09-14
1954574044080791683,2025-09-14
6052843385257647256,2025-09-14
6629304165209876610,2025-09-14
6269016405102144656,2025-09-14
1585271561336929440,2025-09-14
2314997046707036224,2025-09-14
153134458553131268,2025-09-14
225193202749187840,2025-09-14
4251405107837116556,2025-09-14
1729388589032331985,2025-09-14
875393366793077760,2025-09-14
3747000630363940378,2025-09-14
8729108155934099008,2025-09-14
5269824042523099520,2025-09-15
5629511854270504897,2025-09-15
4404534281793752385,2025-09-15
1739916987938841344,2025-09-15
1585271561336989842,2025-09-15
7430951976169582016,2025-09-15
5413337214202463772,2025-09-15
5125106987349937950,2025-09-15
1585271561336594527,2025-09-15
1585271561336585724,2025-09-15
4611694214010660315,2025-09-15
801654723665885890,2025-09-15
8872103381380754816,2025-09-15
4837337629923812032,2025-09-15
6052843423965704375,2025-09-15
1585271561336824147,2025-09-15
6927906236549392704,2025-09-15
5044039385649898752,2025-09-15
3323669928856643520,2025-09-15
8079470792529455104,2025-09-15
2314861925791299200,2025-09-15
369307611172934656,2025-09-15
5332267584642577171,2025-09-15
1585271561337012029,2025-09-15
5198136641676584448,2025-09-15
369306588173643414,2025-09-15
2098690509497975936,2025-09-15
3963174911056333763,2025-09-15
441365675204750400,2025-09-15
576468234569919249,2025-09-15
1017826062559976640,2025-09-15
6701361217345430138,2025-09-15
2963380294261557249,2025-09-15
6557248337293371782,2025-09-15
9918971339805824,2025-09-15
1585271561337047436,2025-09-15
1585271561336726921,2025-09-15
5034735007627,2025-09-15
72064652518305539,2025-09-15
3035438502080357056,2025-09-15
1585271561336876209,2025-09-15
1297043019275485381,2025-09-15
864698737912134848,2025-09-15
2386919226766870287,2025-09-15
6557248337431441997,2025-09-15
369307611172953986,2025-09-15
8800858412341058689,2025-09-15
1585271561336662295,2025-09-16
4755806029018135186,2025-09-16
6061859049728066433,2025-09-16
1585271561336838474,2025-09-16
2882310110228255683,2025-09-16
1585271561336892046,2025-09-16
4837259759342887489,2025-09-16
945767174589347564,2025-09-16
5413337214202460210,2025-09-16
5332267584642577160,2025-09-16
864698737912134848,2025-09-16
5269222877690299145,2025-09-16
1585271561337026805,2025-09-16
4693266516316288577,2025-09-16
6629304165209877637,2025-09-16
874294004464681344,2025-09-16
7791241212634245504,2025-09-16
729595691934240384,2025-09-16
7575066561518642497,2025-09-16
1585271561337017696,2025-09-16
8511816616643963712,2025-09-16
1585271561337020657,2025-09-16
369307611172934656,2025-09-16
1585271561336824147,2025-09-16
369306588173643414,2025-09-16
5980787364025193058,2025-09-16
2017620297812536896,2025-09-16
3828751370547352448,2025-09-16
6052843423965704773,2025-09-16
6629304165209876463,2025-09-16
5413337407743933082,2025-09-16
8800044858368714757,2025-09-16
2089677781257940480,2025-09-16
1585271561337046123,2025-09-16
7575066561518648898,2025-09-16
9018070553843474,2025-09-16
1585271561336981072,2025-09-16
1585271561336914069,2025-09-16
1585271561336931847,2025-09-16
1297043019275485575,2025-09-16
720580779483787593,2025-09-16
7349881930372709760,2025-09-16
4107288419676846176,2025-09-16
3098483602160404120,2025-09-17
3747002170039225719,2025-09-17
2882311520272393920,2025-09-17
4909114539718240832,2025-09-17
2017618760585039314,2025-09-17
6855980358496445760,2025-09-17
5044039385649898752,2025-09-17
6629304165209879023,2025-09-17
4908937353777222208,2025-09-17
1585271561336838474,2025-09-17
1585271561336828790,2025-09-17
8214571128982578588,2025-09-17
5269222877690299145,2025-09-17
4908937353777220800,2025-09-17
6341072931965192096,2025-09-17
1729388589032331985,2025-09-17
1585271561336634894,2025-09-17
441365747090418625,2025-09-17
1585271561337023406,2025-09-17
1451008886845077057,2025-09-17
6494548988816895168,2025-09-17
369306588173643414,2025-09-17
7215494154939420416,2025-09-17
1585271561337032322,2025-09-17
1450167894921152576,2025-09-17
6711477864312357568,2025-09-17
360292886711887530,2025-09-17
1585271561336848397,2025-09-17
4764817325728908033,2025-09-17
6341074104264853772,2025-09-17
6629304165209878503,2025-09-17
153134458553131268,2025-09-17
3963174911056333763,2025-09-17
7287779579151735296,2025-09-17
1585271561337008237,2025-09-17
6927906236549392704,2025-09-17
1585271561336813913,2025-09-18
1585271561336938714,2025-09-18
4836876699678227158,2025-09-18
1585271561337035373,2025-09-18
5260211283021075021,2025-09-18
6341074104264852173,2025-09-18
1585271561336667284,2025-09-18
3747000630363940429,2025-09-18
7566064520488142070,2025-09-18
4838367812469026944,2025-09-18
8872102004503143591,2025-09-18
4982552744347189120,2025-09-18
4693363361813221952,2025-09-18
5034735007502,2025-09-18
2305848744076622360,2025-09-18
6927906236549392704,2025-09-18
5980787364025192643,2025-09-18
3179555089145714112,2025-09-18
6052843423965704425,2025-09-18
7576643904375722625,2025-09-18
5980787599406315725,2025-09-18
4261958918713328448,2025-09-18
3819059496266608833,2025-09-18
1738659146636609152,2025-09-18
1585271561336826355,2025-09-18
3251609575546333699,2025-09-18
6052843423965704312,2025-09-18
7349892130985189121,2025-09-18
4611694214010660315,2025-09-18
2170890936830043136,2025-09-18
8872102004503143592,2025-09-18
6341074104264852110,2025-09-18
1585271561336706334,2025-09-18
2099298844425348672,2025-09-18
5413337407743933006,2025-09-18
1585271561337036739,2025-09-18
4260930738018419840,2025-09-18
6196960145816224397,2025-09-18
369306588173643414,2025-09-18
4044244464717267522,2025-09-18
8142515840804380096,2025-09-18
1585271561336778210,2025-09-18
2089677781257940480,2025-09-19
513422920879687233,2025-09-19
6629304165209876621,2025-09-19
936754186446804364,2025-09-19
3035695363773500224,2025-09-19
5034735006848,2025-09-19
8367701467274729984,2025-09-19
873711825569141888,2025-09-19
3901267345749111232,2025-09-19
5269222534854845313,2025-09-19
6052843423965704624,2025-09-19
1666343015431464640,2025-09-19
3314654999816724357,2025-09-19
6557248694546716491,2025-09-19
6052843423965704787,2025-09-19
504410216844887574,2025-09-19
7214778464155601408,2025-09-19
7576643904375722625,2025-09-19
6133914376630410496,2025-09-19
1585271561337041708,2025-09-19
3098483602160404120,2025-09-19
1585271561336617838,2025-09-19
2305848744076623859,2025-09-19
1585271561336926695,2025-09-19
6341074104264852773,2025-09-19
369306588173643414,2025-09-19
216179783312340097,2025-09-19
4548647573216189508,2025-09-19
5116096277414528680,2025-09-19
7503006943643357904,2025-09-19
4539635606295686290,2025-09-19
5053405290230914112,2025-09-19
1585271561337019889,2025-09-19
5557453419725369300,2025-09-19
3819059905448883685,2025-09-19
1585271561336807521,2025-09-19
4764817325728908033,2025-09-19
1585271561337032712,2025-09-19
1585271561336938282,2025-09-19
6629304165209878223,2025-09-19
5044039385649898752,2025-09-19
801651201304653383,2025-09-19
1585271561337021320,2025-09-19
2882310110228255577,2025-09-19
8656346857865876672,2025-09-19
7070663956211113409,2025-09-19
3035439740714155136,2025-09-19
1585271561336778210,2025-09-19
7214778762743763392,2025-09-20
1585271561336868304,2025-09-20
8367701467274729984,2025-09-20
6052843423965704462,2025-09-20
585658195182538176,2025-09-20
1585271561337038249,2025-09-20
3458771820566642445,2025-09-20
6196961100373024751,2025-09-20
5548441990942656582,2025-09-20
3684346221097551104,2025-09-20
6341074104264850115,2025-09-20
8224044820656961152,2025-09-20
5116096277414531212,2025-09-20
1585271561336622539,2025-09-20
1585271561336939603,2025-09-20
875393366793077760,2025-09-20
8935147025123495532,2025-09-20
1513217089771005832,2025-09-20
8727988444133190016,2025-09-20
1585271561337044610,2025-09-20
1008811907659198090,2025-09-20
864698737912134848,2025-09-20
4035232106963127754,2025-09-20
6494531396630849664,2025-09-20
2305848744076623859,2025-09-20
4260416483740630784,2025-09-20
1585271561336983258,2025-09-20
3251612677654323713,2025-09-20
1595811337136054528,2025-09-20
7782225885427882452,2025-09-20
2305848744076624014,2025-09-20
6638901112779566016,2025-09-20
7430951976169582016,2025-09-20
4620705515620634944,2025-09-20
360295281038589837,2025-09-20
8791033531611703436,2025-09-20
4179348185308884928,2025-09-20
1810770027274529152,2025-09-20
1008814384946818817,2025-09-20
1882517727383915840,2025-09-20
4261959366611193985,2025-09-20
1667991858692970944,2025-09-20
1585271561336979665,2025-09-20
2314863075954555456,2025-09-20
3901644466241374272,2025-09-20
4188358270391977168,2025-09-20
1585271561337008237,2025-09-20
8502803222098580909,2025-09-20
6710721571729443968,2025-09-21
8801693156110371584,2025-09-21
946553516040883456,2025-09-21
6278261398401737408,2025-09-21
1585271561336939603,2025-09-21
7865041516887272065,2025-09-21
5341280786910604865,2025-09-21
1585271561337041761,2025-09-21
8800044515533841255,2025-09-21
1585271561337052048,2025-09-21
6629304165209876750,2025-09-21
1585271561336605186,2025-09-21
8585600114144214976,2025-09-21
2820236314942204544,2025-09-21
1585271561337009925,2025-09-21
4035232106963127754,2025-09-21
5034735007115,2025-09-21
1585271561336651492,2025-09-21
6629304165209876773,2025-09-21
6999901611225248000,2025-09-21
5269824042523099520,2025-09-21
7576643904375722625,2025-09-21
6133914376630410496,2025-09-21
1585271561336933120,2025-09-21
2386920338217059969,2025-09-21
5198136641676584448,2025-09-21
2738194092690288910,2025-09-21
1955316532481684480,2025-09-21
8646917760436539331,2025-09-21
1729390231323623488,2025-09-21
5764615010830211364,2025-09-21
4692763109658532353,2025-09-21
7782225885427883125,2025-09-21
1017826200793646913,2025-09-21
5188154264055125095,2025-09-21
225193871829625986,2025-09-21
4333867294357128384,2025-09-21
4692764342757237888,2025-09-21
4251405107837116574,2025-09-21
1450172373279334913,2025-09-21
8369066763927078144,2025-09-21
1585271561336916995,2025-09-21
946746831021874560,2025-09-21
3242598792210971339,2025-09-21
6341074104264852173,2025-09-21
1666345625407870272,2025-09-21
2305848744076622552,2025-09-21
3386724022051400388,2025-09-21
6629304165209876826,2025-09-21
658235837330124352,2025-09-21
442290962553988736,2025-09-21
6052843423965704462,2025-09-21
6927906236549392704,2025-09-21
5034735006749,2025-09-22
2594080439968917002,2025-09-22
6783657923511914560,2025-09-22
1513216560753935818,2025-09-22
1585271561337010551,2025-09-22
6773419624250028228,2025-09-22
1585271561337009782,2025-09-22
801651201304651476,2025-09-22
5701568878757409536,2025-09-22
3242598926442262465,2025-09-22
5269367519284307392,2025-09-22
2089675027498409365,2025-09-22
1585271561336681102,2025-09-22
6917536153237304806,2025-09-22
7133709247784472257,2025-09-22
2604256311380796096,2025-09-22
1585271561337020657,2025-09-22
7998399998816616136,2025-09-22
1585271561336775309,2025-09-22
3901143088939080448,2025-09-22
1585271561337054199,2025-09-22
1954572816503618188,2025-09-22
4692759896965140290,2025-09-22
2738194092690288910,2025-09-22
1585271561336614914,2025-09-22
4764817325728907328,2025-09-22
4188356816114176577,2025-09-22
2242801434868013825,2025-09-22
2738196088883861583,2025-09-22
8367701467274729984,2025-09-22
7071730495301498368,2025-09-22
1585274296737055300,2025-09-22
8872102557463947648,2025-09-22
1585271561336714584,2025-09-22
6701373375454320448,2025-09-22
2305848744076624137,2025-09-22
5198136641676584448,2025-09-22
3467783911479856448,2025-09-22
2089675984079929177,2025-09-22
1585271561336924264,2025-09-22
2305848744076623821,2025-09-22
5034735005976,2025-09-22
1233998501833434304,2025-09-22
5413337645511821323,2025-09-22
792640751260986097,2025-09-22
8368846861601515456,2025-09-22
3611898983435468929,2025-09-22
1378110665222670401,2025-09-22
1954920702784737664,2025-09-22
945767318361640843,2025-09-23
9088411002393346944,2025-09-23
2820640935221239552,2025-09-23
3251612439879604416,2025-09-23
360293909705804580,2025-09-23
1585271561336936973,2025-09-23
6629304165209877101,2025-09-23
2098689093918501441,2025-09-23
1585271561336659765,2025-09-23
5332267584642577160,2025-09-23
2458977252122155712,2025-09-23
6557248337293373087,2025-09-23
7000007313155770752,2025-09-23
5034735007817,2025-09-23
1008814384946819138,2025-09-23
1585271561337054199,2025-09-23
5044039822479797633,2025-09-23
1585271561336735664,2025-09-23
1585271561337036473,2025-09-23
1585271561336937533,2025-09-23
1585271561336775309,2025-09-23
1378110665222670401,2025-09-23
7998399998816616136,2025-09-23
585481360945763072,2025-09-23
8358687489347898503,2025-09-23
2242801434868013825,2025-09-23
4261958918713328448,2025-09-23
1585271561337034979,2025-09-23
1585271561336704203,2025-09-23
1585271561337033941,2025-09-23
1585271561337052854,2025-09-23
1369101741337283412,2025-09-23
1585271561336947644,2025-09-23
1585271561336992295,2025-09-23
1297043776825667136,2025-09-23
7791239785997586496,2025-09-23
5341280565731691675,2025-09-23
4764817325728908033,2025-09-23
432352622344453125,2025-09-23
2089675984079929177,2025-09-23
1585271561336678099,2025-09-23
1306110973670995840,2025-09-23
1585271561337008237,2025-09-23
4549908195901423808,2025-09-23
4694084552967383042,2025-09-23
5980785973690676433,2025-09-23
1306055183486761740,2025-09-24
1233998612444276546,2025-09-24
1369101741337283277,2025-09-24
6629304165209878451,2025-09-24
4107288419676846176,2025-09-24
1585271561336611199,2025-09-24
8863091126132830545,2025-09-24
6196961000847500672,2025-09-24
3458771664316827264,2025-09-24
1585271561337034979,2025-09-24
7430951296027747392,2025-09-24
3972183818959580032,2025-09-24
1585271561336717022,2025-09-24
5917738752920382337,2025-09-24
4980991965168188033,2025-09-24
7277824762114536064,2025-09-24
2099229222352353600,2025-09-24
4611694214010660315,2025-09-24
5197166057798799616,2025-09-24
1585271561337052854,2025-09-24
2458979060291587008,2025-09-24
1739916987938841344,2025-09-24
6052843423965704501,2025-09-24
6061859049728065474,2025-09-24
8935147025123495674,2025-09-24
4692759896965140290,2025-09-24
3251609575546333699,2025-09-24
2449965262016764108,2025-09-24
7998400403885849124,2025-09-24
9079264347632290320,2025-09-24
7576643904375722625,2025-09-24
8367701467274729984,2025-09-24
3107497533813582784,2025-09-24
1585271561336626982,2025-09-24
4620705515620634944,2025-09-24
8800699037240317312,2025-09-24
1585271561336592787,2025-09-24
7349881720239711950,2025-09-24
2089675984079929177,2025-09-24
1585271561337020878,2025-09-24
6494202667536137920,2025-09-24
7142785589095501632,2025-09-24
5629511450608998145,2025-09-24
1585271561336915000,2025-09-24
2810253572328673248,2025-09-24
3242598913584033009,2025-09-24
6927906236549392704,2025-09-24
1955650778505616576,2025-09-24
3467784171369747138,2025-09-25
1585271561336938714,2025-09-25
4683750671725055367,2025-09-25
8367701467274729984,2025-09-25
2603412450760346816,2025-09-25
7576643904375722625,2025-09-25
1585271561336612931,2025-09-25
2594080773626550032,2025-09-25
6638317131229860104,2025-09-25
8935147025123496637,2025-09-25
3972187335165675456,2025-09-25
1585271561337052854,2025-09-25
2242804895778101824,2025-09-25
1585271561337034979,2025-09-25
8430745724812681766,2025-09-25
2305848744076622796,2025-09-25
1585271561336717022,2025-09-25
1585271561337011960,2025-09-25
6701361217345429218,2025-09-25
5413337214202460145,2025-09-25
369307611172955267,2025-09-25
2098735651169564096,2025-09-25
1585271561336681102,2025-09-25
3539841704581788289,2025-09-25
1585271561336659765,2025-09-25
4621358207027894144,2025-09-25
4188358270391977168,2025-09-25
3468542415895502656,2025-09-25
1585271561336865629,2025-09-25
3891117339130576498,2025-09-25
369308153052294144,2025-09-25
6052843423965704118,2025-09-25
5034735006055,2025-09-25
1585271561336886244,2025-09-25
5764615010830211364,2025-09-25
5188154264055125414,2025-09-25
1585271561336832225,2025-09-25
5836672477688188876,2025-09-25
2738194092690289674,2025-09-25
8935147025123495674,2025-09-25
3098483602160404120,2025-09-25
1585271561336889451,2025-09-25
513421444474232604,2025-09-25
1297043776825667136,2025-09-25
1585271561336873350,2025-09-25
1585271561337038149,2025-09-25
1585271561336777542,2025-09-25
4404531555695193107,2025-09-25
1585271561337030453,2025-09-25
5034735006047,2025-09-25
6124903351516349056,2025-09-25
6350087955005713984,2025-09-25
2531033574337164798,2025-09-25
6701373375454321920,2025-09-25
5116095829525861647,2025-09-25
1955633186319572224,2025-09-25
1585271561336694823,2025-09-25
4909254934370999680,2025-09-25
6927906236549392704,2025-09-25
3107495819638267072,2025-09-26
5774465552412989760,2025-09-26
7576643904375722625,2025-09-26
4694401212316192064,2025-09-26
2738194092690289674,2025-09-26
2098691289167691905,2025-09-26
7864196644059004288,2025-09-26
1594456296228688960,2025-09-26
4251405107837116556,2025-09-26
2242801434868013504,2025-09-26
4764817325728908033,2025-09-26
1585271561336586744,2025-09-26
6629305709414973060,2025-09-26
8935147025123495532,2025-09-26
1585271561336934288,2025-09-26
6917536153237304806,2025-09-26
4405371232276531776,2025-09-26
4188356816114174594,2025-09-26
2963380294261557249,2025-09-26
5034735006749,2025-09-26
2242804895778102785,2025-09-26
6061859049728065089,2025-09-26
3747001515156930818,2025-09-26
792638362462535733,2025-09-26
6341074104264849894,2025-09-26
9007204635750639324,2025-09-26
6341074104264852773,2025-09-26
8872103851395034624,2025-09-26
1306199128137519168,2025-09-26
1595230352414679104,2025-09-26
7142969781737756800,2025-09-26
1585271561336938563,2025-09-26
657537196568802050,2025-09-26
1513216533926154380,2025-09-26
1585271561336656962,2025-09-26
1585271561336947985,2025-09-26
1585271561336756381,2025-09-26
8791033899596157087,2025-09-26
8872102557463947648,2025-09-26
1585271561336830888,2025-09-26
6341074104264852072,2025-09-26
1585271561337010551,2025-09-26
1306110973670995840,2025-09-26
7061651277740080000,2025-09-26
5269224077618120705,2025-09-26
947310544156978304,2025-09-26
8935148960500686848,2025-09-26
6999901611225248000,2025-09-27
8223585134570187776,2025-09-27
7287779579151735296,2025-09-27
5269222877690299145,2025-09-27
369305952269615221,2025-09-27
4620705515620634944,2025-09-27
8214572793405073281,2025-09-27
6629304165209878725,2025-09-27
6927906236549392704,2025-09-27
1585271561336914069,2025-09-27
2531033574337168760,2025-09-27
6278735978234865280,2025-09-27
5413337214202460145,2025-09-27
3972185637577204361,2025-09-27
3891115984388077901,2025-09-27
1585271561336778048,2025-09-27
4764820333211850242,2025-09-27
7576643904375722625,2025-09-27
5197164996113048095,2025-09-27
4694348524231748224,2025-09-27
3107495819638271298,2025-09-27
4899933618508618624,2025-09-27
4476591466642187584,2025-09-27
6124902627122868257,2025-09-27
7023315206272,2025-09-27
1585271561337020657,2025-09-27
1585271561336832225,2025-09-27
1585271561336926077,2025-09-27
7998400403885849124,2025-09-27
6133914376630410496,2025-09-27
8657384044797281088,2025-09-27
6854490180147621889,2025-09-27
1297043776825667136,2025-09-27
7782225973962771440,2025-09-27
9018347033772590,2025-09-27
4179347997302420034,2025-09-27
4764820333211848641,2025-09-27
5053051190437830080,2025-09-27
6133915128677070788,2025-09-27
6629304165209879087,2025-09-27
8800042911955345793,2025-09-27
5053493251161140608,2025-09-27
1585271561336694540,2025-09-27
6341074104264854133,2025-09-27
4764817325728908033,2025-09-27
945766992112357711,2025-09-28
1233997180257176773,2025-09-28
5116096277414528843,2025-09-28
5269222877690299145,2025-09-28
5548441990942654369,2025-09-28
6629304165209877012,2025-09-28
8872102557463947648,2025-09-28
1585271561337045276,2025-09-28
2098689093918501441,2025-09-28
1585271561336747433,2025-09-28
1585271561336775094,2025-09-28
1585271561336682448,2025-09-28
2233791780476071135,2025-09-28
6052843423965704734,2025-09-28
6278622038215673792,2025-09-28
2386920338217062273,2025-09-28
6629304165209878003,2025-09-28
1585271561336640063,2025-09-28
5126527515671367937,2025-09-28
7854284809238590800,2025-09-28
432351254888983589,2025-09-28
7286836340193221506,2025-09-28
4116859253947223488,2025-09-28
4548647573216189315,2025-09-28
2954367870147816130,2025-09-28
2449965110012012675,2025-09-28
5269224956824505472,2025-09-28
8223728498613844032,2025-09-28
5197164996113048095,2025-09-28
225192694025031873,2025-09-28
6629304165209877522,2025-09-28
1585271561337012010,2025-09-28
8502803222098581698,2025-09-28
2676797701594304512,2025-09-28
6278735978234865280,2025-09-28
1585271561336597545,2025-09-28
216179070001322831,2025-09-28
1585271561336928692,2025-09-28
5413337214202460145,2025-09-28
1297043776825667136,2025-09-28
369307611172958851,2025-09-28
6926550239007909313,2025-09-28
864698737912134848,2025-09-28
6557248384888777417,2025-09-28
1585271561336884663,2025-09-28
8872102004503143591,2025-09-28
1585271561337017810,2025-09-28
1585271561337048751,2025-09-28
5692557201135916609,2025-09-28
1585271561336967157,2025-09-28
1954612839528941696,2025-09-28
1585271561336807123,2025-09-28
1585284537105720128,2025-09-28
4764817325728908033,2025-09-28
9989555737518336,2025-09-28
7998410134481888991,2025-09-28
3530830270264484172,2025-09-28
7133709247784472837,2025-09-28
1306055918923481346,2025-09-29
5260209176225692809,2025-09-29
9074775566146560,2025-09-29
7504366800826717568,2025-09-29
5116096277414531212,2025-09-29
3828303991884898688,2025-09-29
1585271561337052048,2025-09-29
4117430308736267392,2025-09-29
9007204939872883031,2025-09-29
6485190517591018432,2025-09-29
1585271561337023951,2025-09-29
3963174951955398626,2025-09-29
5034735007817,2025-09-29
6341074104264850144,2025-09-29
1585271561336894566,2025-09-29
8872102004503143605,2025-09-29
1585271561337040891,2025-09-29
5116096277414528843,2025-09-29
7576643904375722625,2025-09-29
5197164996113048095,2025-09-29
8656829890936839488,2025-09-29
1729388589032331985,2025-09-29
8214573661547136012,2025-09-29
4035232106963127754,2025-09-29
1585271561336824147,2025-09-29
6196958805535046099,2025-09-29
4467577916331478959,2025-09-29
4548647573216189508,2025-09-29
6629304165209878754,2025-09-29
9007204939872883265,2025-09-29
1585271561336912413,2025-09-29
1585271561336595982,2025-09-29
5476383257815528268,2025-09-29
360292886711887530,2025-09-29
7421937771504245228,2025-09-29
6629304165209878003,2025-09-29
5341282749928416897,2025-09-29
7782225973962771492,2025-09-29
2738194092690289732,2025-09-29
2305848744076622115,2025-09-29
1585271561336680948,2025-09-29
8872102557463947648,2025-09-29
4323463152188622715,2025-09-29
5053051273388342465,2025-09-29
6341074104264853846,2025-09-29
7214779111113444160,2025-09-29
3828071157290900737,2025-09-29
3611898983435468929,2025-09-29
360293909705803979,2025-09-29
4548648150500965763,2025-09-29
6341074104264854133,2025-09-29
1585271561336618591,2025-09-29
9989555737518336,2025-09-29
5260209176225692809,2025-09-30
5034735007916,2025-09-30
947494056560982336,2025-09-30
6629304165209876826,2025-09-30
5630182746138349696,2025-09-30
7926340078215188296,2025-09-30
1585271561336804332,2025-09-30
6629304165209878547,2025-09-30
1585271561336884027,2025-09-30
5034735006754,2025-09-30
2603093153510720194,2025-09-30
2954367870147816270,2025-09-30
6629304165209876323,2025-09-30
2305848744076623087,2025-09-30
1008812355581841236,2025-09-30
8367700322646860865,2025-09-30
1017826062559976640,2025-09-30
3963174951955398626,2025-09-30
2963380294261557249,2025-09-30
7864065510043632448,2025-09-30
1585271561336704203,2025-09-30
6494202711772198338,2025-09-30
4548647573216189315,2025-09-30
6629304165209878003,2025-09-30
5116096277414528843,2025-09-30
7576643904375722625,2025-09-30
1224987111768317378,2025-09-30
4405582338509074176,2025-09-30
6413132928739243471,2025-09-30
1585271561336824147,2025-09-30
1585271561336866458,2025-09-30
4323462825950612483,2025-09-30
8502804186997688729,2025-09-30
2305848744076622115,2025-09-30
1585271561336969686,2025-09-30
1585271561336773912,2025-09-30
6566258848326450383,2025-09-30
6629304165209877879,2025-09-30
6052843423965704632,2025-09-30
9089431260710255744,2025-09-30
4477595343747954944,2025-09-30
1585271561336938692,2025-09-30
6341074104264853356,2025-09-30
3314657355444378182,2025-09-30
2449965110012013066,2025-09-30
1585271561336775094,2025-09-30
3035436765780351298,2025-09-30
1585271561336720000,2025-09-30
4188356816114174594,2025-09-30
4764817325728908033,2025-09-30
7503108959524484672,2025-09-30
6278735978234865280,2025-09-30
8224669680567268800,2025-09-30
5918087169164797888,2025-10-01
7998400403885849124,2025-10-01
5845684785681182273,2025-10-01
3098483602160404120,2025-10-01
1585271561336804332,2025-10-01
1729388589032331985,2025-10-01
3467784160333701762,2025-10-01
6629304165209876304,2025-10-01
2305848744076622911,2025-10-01
1008814384946819138,2025-10-01
6133914376630410496,2025-10-01
7349881720239710308,2025-10-01
4035232106963127754,2025-10-01
1666343015431464592,2025-10-01
5034735006998,2025-10-01
1585271561336720000,2025-10-01
5269222877690299218,2025-10-01
1585271561336704203,2025-10-01
576465923186619466,2025-10-01
360293909705804580,2025-10-01
7215564523683600896,2025-10-01
1585271561337042096,2025-10-01
3539840841963987851,2025-10-01
7576643904375722625,2025-10-01
5629511854270502785,2025-10-01
6196958805535046227,2025-10-01
5991482593310920128,2025-10-01
1585271561336948257,2025-10-01
6278735978234865280,2025-10-01
1945561990454462081,2025-10-01
1585271561336766040,2025-10-01
792639191900656642,2025-10-01
7214778464155600897,2025-10-01
6701373375454320384,2025-10-01
5701569099948066304,2025-10-01
585480984933644800,2025-10-01
2821000463527800192,2025-10-01
5629511854270500800,2025-10-01
801651201304651908,2025-10-01
441361688982364481,2025-10-01
8223585477406715456,2025-10-01
6341074104264853846,2025-10-01
7504138102408131905,2025-10-01
1224986152892286475,2025-10-01
1585271561336901830,2025-10-01
4188356816114174594,2025-10-01
4548647573216187331,2025-10-01
9989555737518336,2025-10-01
1585271561336709218,2025-10-01
4539635606295686388,2025-10-02
7998400403885849124,2025-10-02
1738401389149749952,2025-10-02
7205765802269030917,2025-10-02
1585271561337039694,2025-10-02
1585271561337053497,2025-10-02
6206871737884535232,2025-10-02
6701361217345429627,2025-10-02
1585271561337049547,2025-10-02
1585271561336914069,2025-10-02
3891115984388077314,2025-10-02
1008813765626946051,2025-10-02
3242598913584031904,2025-10-02
9007204939872883111,2025-10-02
4621807504501641536,2025-10-02
7791241212634245504,2025-10-02
6052843423965704468,2025-10-02
2748424060360082112,2025-10-02
2098689923357003649,2025-10-02
945766992112357711,2025-10-02
8079470079227478147,2025-10-02
2243897513489471296,2025-10-02
4764817325728908033,2025-10-02
3963174951955399571,2025-10-02
6638317789257438592,2025-10-02
8872102004503143591,2025-10-02
792639191900656642,2025-10-02
5053546254431543744,2025-10-02
5332267584642577413,2025-10-02
9079264850830346577,2025-10-02
5116096277414528843,2025-10-02
5980787364025193058,2025-10-02
6638317131229860104,2025-10-02
5341280565731691661,2025-10-02
7782237330259700096,2025-10-02
6710375698481685377,2025-10-02
1306207730694251264,2025-10-02
946895922235440576,2025-10-02
6494548988816895168,2025-10-02
1954572816503618188,2025-10-02
6629304165209878917,2025-10-02
2314863075954556928,2025-10-02
5692557201135916609,2025-10-02
6133915001473537600,2025-10-02
4107288419676846176,2025-10-02
1306110973670995840,2025-10-02
6927737971451443776,2025-10-03
1585271561336934307,2025-10-03
5034735006857,2025-10-03
5034735007170,2025-10-03
1666628464274407808,2025-10-03
3036618914833532544,2025-10-03
2098735651169564096,2025-10-03
1585271561337038479,2025-10-03
5557454520123443458,2025-10-03
7854284809238590800,2025-10-03
1585271561336934288,2025-10-03
1585271561336682747,2025-10-03
720583759961124417,2025-10-03
2531033574337163863,2025-10-03
2387749754247665344,2025-10-03
5116096277414531212,2025-10-03
1585271561336944162,2025-10-03
5034735007083,2025-10-03
1585271561336926023,2025-10-03
1585271561337052854,2025-10-03
4620703683897942489,2025-10-03
1585271561336772334,2025-10-03
9089387014824778048,2025-10-03
1729388589032332138,2025-10-03
2386920338217059969,2025-10-03
1585271561336914069,2025-10-03
8430745724812681766,2025-10-03
4476590604025634241,2025-10-03
6710889084652866240,2025-10-03
6350087523696081472,2025-10-03
2675150189059294785,2025-10-03
5908729607245342097,2025-10-03
1801445294713301117,2025-10-03
1585271561336806904,2025-10-03
657537196568798016,2025-10-03
1585271561336824147,2025-10-03
2531033574337165251,2025-10-03
3757715225030139009,2025-10-03
1585271561336826681,2025-10-03
7421939452518496035,2025-10-03
3756923576658064384,2025-10-03
4116303983054461888,2025-10-03
2738194092690289668,2025-10-03
2522022886527755904,2025-10-03
8295642745197945921,2025-10-03
1585271561337020657,2025-10-03
6629304165209878003,2025-10-03
7647123984139688384,2025-10-03
9089431260710255744,2025-10-03
7854285989967507009,2025-10-03
7998399998816616136,2025-10-04
6782681557186412288,2025-10-04
1585271561337050632,2025-10-04
3251612439879604416,2025-10-04
6485190517591018432,2025-10-04
5116096277414531212,2025-10-04
6341074104264855981,2025-10-04
6999901611225248000,2025-10-04
4764817325728908033,2025-10-04
1585271561336898610,2025-10-04
7215309436985946432,2025-10-04
5917738752920380672,2025-10-04
2386919254417072646,2025-10-04
1585271561336833868,2025-10-04
8214571128982578588,2025-10-04
7720073494878998464,2025-10-04
8358687489347898503,2025-10-04
1585271561336976968,2025-10-04
5332268534224471889,2025-10-04
4260570098204493121,2025-10-04
2604643339473788352,2025-10-04
657538418611020609,2025-10-04
5270651748865623104,2025-10-04
3611898983435468929,2025-10-04
3901231049869308352,2025-10-04
6341074104264855516,2025-10-04
6341074104264850144,2025-10-04
6196960147642319177,2025-10-04
6341074104264853588,2025-10-04
8872102004503143591,2025-10-04
1585271561337021320,2025-10-04
3469528429872458432,2025-10-04
6341074104264851753,2025-10-04
4764817325728903361,2025-10-04
1883020487077105344,2025-10-04
1585271561337024230,2025-10-04
7926340078215188367,2025-10-04
3747001954464117647,2025-10-04
8367700322646864705,2025-10-04
1585271561336902888,2025-10-04
1585271561336864392,2025-10-04
3756923576658064384,2025-10-04
8358687489347898374,2025-10-04
3756013447131138703,2025-10-04
6052843423965704808,2025-10-04
1585271561337034979,2025-10-04
3251611007714858048,2025-10-04
1233998612444273538,2025-10-04
1585271561336879976,2025-10-04
5198849125211414144,2025-10-05
5836672477688190152,2025-10-05
4980992761430890112,2025-10-05
3747000630363940378,2025-10-05
3891115984388077643,2025-10-05
947291746421455936,2025-10-05
7277824441388353957,2025-10-05
7576643904375722625,2025-10-05
7998399998441402323,2025-10-05
3251612439879604416,2025-10-05
5034735007564,2025-10-05
226944985535436544,2025-10-05
6629304165209876517,2025-10-05
1008813765626946051,2025-10-05
3467783911479848960,2025-10-05
216178417478506821,2025-10-05
8079469907788944258,2025-10-05
8872102004503143591,2025-10-05
9088274736855880846,2025-10-05
6629304165209877848,2025-10-05
1666343015431464640,2025-10-05
4683751454157203678,2025-10-05
5198532836325849024,2025-10-05
7214779194054967936,2025-10-05
1585271561336944162,2025-10-05
1513216769065888833,2025-10-05
5476385132355153731,2025-10-05
1585271561336926023,2025-10-05
5034735006441,2025-10-05
4764817325728903361,2025-10-05
4908936206957545857,2025-10-05
1585271561336915000,2025-10-05
7719181970776511680,2025-10-05
9910175246783616,2025-10-05
1585271561337042047,2025-10-05
8295642745197945921,2025-10-05
4980992761430888193,2025-10-05
4692759896965140290,2025-10-05
1585271561337012010,2025-10-05
1585271561336700081,2025-10-05
2603693925737069888,2025-10-05
6341074104264855487,2025-10-05
5125108828712653249,2025-10-05
1585271561337051847,2025-10-05
1585271561336928692,2025-10-05
2594080773626550019,2025-10-05
6629304165209877636,2025-10-05
1585271561337034979,2025-10-05
8583871661534034307,2025-10-05
4827866083748764550,2025-10-05
4117043971900696448,2025-10-05
8872102557463947648,2025-10-05
1585271561336848397,2025-10-05
1306110973670995840,2025-10-05
8367701428567946496,2025-10-05
1585271561336983258,2025-10-05
7286835588169424548,2025-10-05
945767318361640843,2025-10-05
5764615010830211475,2025-10-05
8801649015286749504,2025-10-05
3251611007714858048,2025-10-05
4116348389294694784,2025-10-05
946895922235440576,2025-10-05
6638901112779566016,2025-10-06
1585271561337050632,2025-10-06
6061859049728065089,2025-10-06
6629304165209877703,2025-10-06
4611692333961081287,2025-10-06
5413337214202460651,2025-10-06
1585271561336989842,2025-10-06
1585271561336717470,2025-10-06
2819265432429085058,2025-10-06
2305850098877774736,2025-10-06
1585271561336914069,2025-10-06
7133708794362772802,2025-10-06
6629304165209876517,2025-10-06
1585271561336667188,2025-10-06
3539841704581794112,2025-10-06
8872102004503143591,2025-10-06
936754186446803789,2025-10-06
2305848744076624204,2025-10-06
4035232106963127754,2025-10-06
6629304165209876323,2025-10-06
8367700322646860865,2025-10-06
6341074104264855487,2025-10-06
6052843423965704305,2025-10-06
2314918545596573312,2025-10-06
3098483602160404038,2025-10-06
1585271561336633391,2025-10-06
2819264099792802147,2025-10-06
1585271561336915000,2025-10-06
8801755613829396416,2025-10-06
3747001515156930818,2025-10-06
720583759961124417,2025-10-06
8863091449405593921,2025-10-06
369308153052294144,2025-10-06
3829605183237722752,2025-10-06
1585271561336747433,2025-10-06
4764820333211840576,2025-10-06
4692759896965140290,2025-10-06
5980785973690676235,2025-10-06
1585271561336768127,2025-10-06
946552874607559680,2025-10-06
720593468436826434,2025-10-06
5269224077618129344,2025-10-06
2242804895778101824,2025-10-06
6712005287058121280,2025-10-06
1585271561337033274,2025-10-06
1585271561336643284,2025-10-06
3467783911479848960,2025-10-06
6133914376630413376,2025-10-06
7926340078215188296,2025-10-06
6629304165209877921,2025-10-06
4179348185308884928,2025-10-06
6133915128677088128,2025-10-06
6196958805535046283,2025-10-06
1585271561336754289,2025-10-06
2882310110228255577,2025-10-06
3613185181546237632,2025-10-06
1585271561336905264,2025-10-06
3467784171369747138,2025-10-06
1585271561337003723,2025-10-06
4844634155891,2025-10-06
4899922101829706086,2025-10-07
5836672477688190152,2025-10-07
7214778464155601536,2025-10-07
6710375698481685377,2025-10-07
792638202104534850,2025-10-07
1585271561336611199,2025-10-07
720593468436826434,2025-10-07
6629304165209876517,2025-10-07
4117430308736267392,2025-10-07
8872102004503143591,2025-10-07
8935147025123496452,2025-10-07
5197165814501211200,2025-10-07
6196958805535046166,2025-10-07
6711477864312357568,2025-10-07
5053291239618905536,2025-10-07
4035232106963127754,2025-10-07
2747957778956732736,2025-10-07
5413337214202460210,2025-10-07
6917536153237304602,2025-10-07
6341074104264855300,2025-10-07
8295641351737671520,2025-10-07
7936088008282402368,2025-10-07
1585271561336915000,2025-10-07
4107288419676846085,2025-10-07
3458771820566641037,2025-10-07
7926340078215188296,2025-10-07
1585271561336979665,2025-10-07
8295642745197945921,2025-10-07
1738403280270864769,2025-10-07
153134419846814274,2025-10-07
4692759896965140290,2025-10-07
5980785973690676235,2025-10-07
3757741567770869504,2025-10-07
792639191900656642,2025-10-07
1585271561336650495,2025-10-07
7359960832745232576,2025-10-07
7864161907585019456,2025-10-07
8295839411168462528,2025-10-07
7998399998816616136,2025-10-07
6629304165209877571,2025-10-07
7358893701988434049,2025-10-07
4899922101829706304,2025-10-07
4179348185308884928,2025-10-07
873711825569141888,2025-10-07
5034735007916,2025-10-07
1585271561336714584,2025-10-07
6052843423965704501,2025-10-07
875243833211695424,2025-10-07
5476385132355153731,2025-10-07
1585271561336807123,2025-10-07
2820174742291047296,2025-10-07
5341280786910604865,2025-10-07
2891324740640619776,2025-10-07
5054013160700962624,2025-10-07
3747000630363940380,2025-10-08
8655932031432152448,2025-10-08
8718976421679840992,2025-10-08
6927352082688962560,2025-10-08
7421937898647071562,2025-10-08
4620705515620634944,2025-10-08
1585271561336650970,2025-10-08
4838217239226069312,2025-10-08
4323473004444957760,2025-10-08
1738401682216574850,2025-10-08
8872104940726666496,2025-10-08
2170746759837787072,2025-10-08
7349881720239710308,2025-10-08
5980785973690676235,2025-10-08
1585271561337041337,2025-10-08
4116303983054461761,2025-10-08
5197164996113048095,2025-10-08
6701361217345430741,2025-10-08
7493996875135986641,2025-10-08
4692759896965140290,2025-10-08
2666138212846264640,2025-10-08
5269224956824505472,2025-10-08
1585271561336726980,2025-10-08
5908729607245342097,2025-10-08
1585271561336982180,2025-10-08
4117755963243626368,2025-10-08
5198136641676584448,2025-10-08
1008814384946819138,2025-10-08
7142785589095501632,2025-10-08
1585271561336626221,2025-10-08
1729390231323623488,2025-10-08
7493996866413375360,2025-10-08
1585271561336901830,2025-10-08
2603412450760346816,2025-10-08
6052843423965704808,2025-10-08
8872102004503143591,2025-10-08
1585271561337016749,2025-10-08
4539635606295686388,2025-10-09
4620705194905618881,2025-10-09
2305848744076621856,2025-10-09
3107495819638270592,2025-10-09
3179555089145714112,2025-10-09
2954367870147815910,2025-10-09
8368908434252673472,2025-10-09
2089675984079929121,2025-10-09
1585271561336635144,2025-10-09
1729388589032331985,2025-10-09
7782225885427882401,2025-10-09
1585271561337051396,2025-10-09
792639191900656750,2025-10-09
7215274252613855872,2025-10-09
5917738752920382337,2025-10-09
5269224077618119552,2025-10-09
4899922101829706304,2025-10-09
936756002501343094,2025-10-09
720580779483787630,2025-10-09
3819059496266608833,2025-10-09
2171445090690468736,2025-10-09
5332267584642577435,2025-10-09
6701361217345430741,2025-10-09
1585271561336714584,2025-10-09
1585271561336777542,2025-10-09
6927906236549392704,2025-10-09
8367800126531811776,2025-10-09
1585271561336923410,2025-10-09
3242598857385037365,2025-10-09
5980785973690676235,2025-10-09
6629304165209876565,2025-10-09
6052843423965704272,2025-10-09
4404532213722839106,2025-10-09
4323463152188622458,2025-10-09
6422145128799020737,2025-10-09
3828751370547352448,2025-10-09
2388541402619723073,2025-10-09
5908729607245342097,2025-10-09
1954762378621260800,2025-10-09
6989592478251127572,2025-10-09
1585271561337044981,2025-10-09
1585271561337008237,2025-10-09
3757644810747621888,2025-10-09
1585271561336999756,2025-10-09
6133915128677073732,2025-10-09
3467784171369747138,2025-10-09
2170748346835341760,2025-10-09
1585271561336864392,2025-10-09
2738194092690289025,2025-10-09
4334104180612880384,2025-10-09
6052843423965704808,2025-10-09
6557248337431441997,2025-10-09
4764817325728904451,2025-10-10
1307184097019787264,2025-10-10
1729388589032331985,2025-10-10
5116096277414530917,2025-10-10
2738194092690289674,2025-10-10
3107495819638272003,2025-10-10
6629304165209876517,2025-10-10
1008813765626956417,2025-10-10
6566258848326418044,2025-10-10
4116938418784426305,2025-10-10
8872102004503143591,2025-10-10
7430951273908207296,2025-10-10
4035232106963127754,2025-10-10
1585271561336855275,2025-10-10
513421494235142917,2025-10-10
8800734907593013184,2025-10-10
6557248337293372483,2025-10-10
1585271561336775835,2025-10-10
3747001954464117380,2025-10-10
225191792695142912,2025-10-10
1585271561336840314,2025-10-10
7493996866413375296,2025-10-10
2954367870147815910,2025-10-10
6052843423965704425,2025-10-10
4107288419676846091,2025-10-10
6052843423965704391,2025-10-10
6350087955005713984,2025-10-10
6927906236549392704,2025-10-10
7421937898647071687,2025-10-10
4476591466642187584,2025-10-10
7638112022221129606,2025-10-10
5918308343299899777,2025-10-10
6278735978234865280,2025-10-10
874099666507990784,2025-10-10
3395728048205572672,2025-10-10
3458771664316827009,2025-10-10
1585271561337052998,2025-10-10
2242804895778101824,2025-10-10
1585271561336777542,2025-10-10
4611692333961081287,2025-10-10
4548647573216188993,2025-10-10
2233792637557835906,2025-10-10
2882321156862687168,2025-10-10
4476588735011997195,2025-10-10
1585271561336826355,2025-10-10
3242599910701477525,2025-10-10
1585271561337019032,2025-10-10
5341282749928416897,2025-10-10
2954367870147816064,2025-10-10
5476383584065961994,2025-10-10
6052843423965704808,2025-10-10
1882516577225881220,2025-10-10
2603089841281918144,2025-10-10
8944160953299386049,2025-10-10
7719183474830902656,2025-10-11
658983189719959233,2025-10-11
1585271561336618582,2025-10-11
8502804186997688729,2025-10-11
6052843423965704462,2025-10-11
1585271561336848067,2025-10-11
1585271561336618120,2025-10-11
1585271561336817322,2025-10-11
7926341023773842901,2025-10-11
8367700483004796672,2025-10-11
8214573009054500917,2025-10-11
4260416483740630784,2025-10-11
1585271561336622539,2025-10-11
7286835505222826436,2025-10-11
8935148650840703744,2025-10-11
6485190696845706466,2025-10-11
5917738752920382337,2025-10-11
1585271561336593059,2025-10-11
8801016903856539072,2025-10-11
6917536006719962241,2025-10-11
4188358933945245264,2025-10-11
5198532836325849024,2025-10-11
6567609326341607744,2025-10-11
1585271561336939603,2025-10-11
4908936206957545857,2025-10-11
4107288419676846091,2025-10-11
8152761299394899968,2025-10-11
6998605659912808066,2025-10-11
8502803222098581352,2025-10-11
4764817325728908033,2025-10-11
5908729607245342098,2025-10-11
3963174951955398097,2025-10-11
5559101967255098688,2025-10-11
6927906236549392704,2025-10-11
1585271561337036299,2025-10-11
5269224956824505472,2025-10-11
3963175209649623032,2025-10-11
6341074104264855104,2025-10-11
9910175246783616,2025-10-11
2531035227693138307,2025-10-11
1008812355581841236,2025-10-11
153134419846816576,2025-10-11
946492507505883072,2025-10-11
1585271561336960467,2025-10-11
7575067590023580160,2025-10-11
864698737912134848,2025-10-11
7216241822846347392,2025-10-11
3901257438148375808,2025-10-11
4899922101829706304,2025-10-11
6341074330978176295,2025-10-11
1585271561336839247,2025-10-11
7277824828470396928,2025-10-11
1161942649620631617,2025-10-11
2738194092690289025,2025-10-11
1378110665222670401,2025-10-11
7791241212634245504,2025-10-11
5269222534854845313,2025-10-11
2305848744076624055,2025-10-12
2603093153510717570,2025-10-12
4179348047056553453,2025-10-12
1666344126885338305,2025-10-12
6629304165209876826,2025-10-12
1585271561336769149,2025-10-12
5034735005969,2025-10-12
1585271561337036299,2025-10-12
8935147025123496477,2025-10-12
1585271561336722280,2025-10-12
1585271561336969288,2025-10-12
1585271561337052048,2025-10-12
1585271561336800124,2025-10-12
3900466901284052928,2025-10-12
9079264347632290115,2025-10-12
1585271561337051847,2025-10-12
1585271561336942763,2025-10-12
5629511129885831680,2025-10-12
1585271561336817322,2025-10-12
6557248337431441997,2025-10-12
1585271561336921096,2025-10-12
297463113995381120,2025-10-12
1224986448198667277,2025-10-12
6926548331319129728,2025-10-12
3386713074957469667,2025-10-12
5845684785681182273,2025-10-12
6567609326341607744,2025-10-12
5980787364025193058,2025-10-12
2233791780476071135,2025-10-12
5558855676650468032,2025-10-12
4764817325728908033,2025-10-12
7421937898647071687,2025-10-12
5197166057798799616,2025-10-12
7359344464803280320,2025-10-12
1585271561336737730,2025-10-12
2242804895778101824,2025-10-12
2891766060396973184,2025-10-12
1729388589032331985,2025-10-12
1811764471093953345,2025-10-12
8430746051069922433,2025-10-12
7935353481075751963,2025-10-12
5053049382253045315,2025-10-12
1585271561336989097,2025-10-12
6629304165209877741,2025-10-12
2458976577495921224,2025-10-12
729594265295609622,2025-10-12
3747001954464117647,2025-10-12
1585271561336944156,2025-10-12
1585271561336987405,2025-10-12
4467577916331478438,2025-10-12
1585271561336983258,2025-10-12
4908936206957545857,2025-10-12
1585271561337003081,2025-10-12
6629305707983208000,2025-10-12
1161942649620631617,2025-10-12
2027611165595319872,2025-10-12
6629304165209877093,2025-10-12
5034735006853,2025-10-12
1306055918923481346,2025-10-12
5917742346563017472,2025-10-12
801652528411721921,2025-10-13
4548647573216187331,2025-10-13
1585271561337004529,2025-10-13
2233792637557835906,2025-10-13
3458771664316827264,2025-10-13
1585271561336914069,2025-10-13
8945870093784339904,2025-10-13
6341074104264856357,2025-10-13
225192052591218818,2025-10-13
8872104940726666496,2025-10-13
1585271561337008385,2025-10-13
1585271561336955795,2025-10-13
441361688982367234,2025-10-13
864698737912134848,2025-10-13
8214571128982578588,2025-10-13
1008814384946819138,2025-10-13
2171162808295697920,2025-10-13
6052843423965704375,2025-10-13
2738194092690289674,2025-10-13
3395726566295387138,2025-10-13
4982007215162596672,2025-10-13
2242805481916280257,2025-10-13
4332476682224603777,2025-10-13
1306055227717714057,2025-10-13
6350087783588513984,2025-10-13
4107290491734537920,2025-10-13
6052843423965704715,2025-10-13
1585271561337009996,2025-10-13
6341072931965192431,2025-10-13
6494531396630849664,2025-10-13
3251611007714858048,2025-10-13
2531469321802269312,2025-10-13
1738402666486488576,2025-10-13
1729388589032332138,2025-10-13
8439778948379488000,2025-10-13
4620705515620634944,2025-10-13
1585271561336642216,2025-10-13
2594080773626550089,2025-10-13
1585271561336626982,2025-10-13
6278028984097132835,2025-10-13
7277824004556935936,2025-10-13
2171137564819464128,2025-10-13
3963174951955399228,2025-10-13
792641370587574272,2025-10-13
3530829233426742997,2025-10-13
4755806029018135186,2025-10-13
4539635606295686388,2025-10-13
729594265295609622,2025-10-13
6052843423965704462,2025-10-13
7576643904375722625,2025-10-13
7493996866413376516,2025-10-13
4044244464717267522,2025-10-13
5917742346563017472,2025-10-13
6052843423965704217,2025-10-14
5053049603441781056,2025-10-14
1585271561337043943,2025-10-14
4621534128888346560,2025-10-14
8223585477406712768,2025-10-14
5908728318826435406,2025-10-14
8935147025123496477,2025-10-14
1585271561336984926,2025-10-14
5034735007916,2025-10-14
1585271561336657646,2025-10-14
6629304165209877937,2025-10-14
6629304165209877556,2025-10-14
1738401682216574850,2025-10-14
5034735006848,2025-10-14
1585271561336647074,2025-10-14
945768468522223040,2025-10-14
1585271561337051847,2025-10-14
1585271561336999191,2025-10-14
5620500508436996544,2025-10-14
864698737912134848,2025-10-14
8944160953299386496,2025-10-14
8214571128982578588,2025-10-14
5260212023980595118,2025-10-14
5197582858279409088,2025-10-14
1585271561336781219,2025-10-14
1585271561337042050,2025-10-14
1585271561336934288,2025-10-14
3963175104584409607,2025-10-14
4899922101829706304,2025-10-14
659194611469581312,2025-10-14
2603271148962246080,2025-10-14
6350266735761193216,2025-10-14
432351254888983589,2025-10-14
6629304165209878717,2025-10-14
3108949386821273216,2025-10-14
3901231049869308352,2025-10-14
2242805481916280257,2025-10-14
9088274736855880846,2025-10-14
585481360945763072,2025-10-14
1369101347001710021,2025-10-14
2242869852638387712,2025-10-14
2891323026468671169,2025-10-14
1585271561336660151,2025-10-14
4692759896965140290,2025-10-14
1585271561336969686,2025-10-14
504410216844887574,2025-10-14
3107497533813582784,2025-10-14
2531033574337168376,2025-10-14
1585271561336928692,2025-10-14
5908729607245342097,2025-10-14
6701361217345430138,2025-10-14
9007204939872883156,2025-10-14
2305848744076622012,2025-10-14
7998399998816616136,2025-10-14
1585271561336710379,2025-10-14
4764817325728903810,2025-10-14
8935148960500687296,2025-10-14
792640751260987749,2025-10-14
6341075541957842305,2025-10-14
8151526484379737766,2025-10-14
7576643904375722625,2025-10-14
8286630365325210817,2025-10-14
1585271561336803407,2025-10-14
3891115984388077827,2025-10-14
5034735007503,2025-10-14
1666345625407870272,2025-10-14
8502803222098581352,2025-10-14
648524241621891083,2025-10-14
1306055227717714057,2025-10-14
4908934708435070346,2025-10-14
1585271561337001264,2025-10-14
4116339792266941760,2025-10-15
5919328751150185280,2025-10-15
2316166949196710976,2025-10-15
6629304165209876517,2025-10-15
1233998501833434304,2025-10-15
945766992112357711,2025-10-15
1585271561336662295,2025-10-15
1585271561336939603,2025-10-15
864698737912134848,2025-10-15
8295642745197943553,2025-10-15
5557452949714472260,2025-10-15
288237581944948164,2025-10-15
585480984933644800,2025-10-15
441939118833085120,2025-10-15
8935147025123495387,2025-10-15
8935147025123496637,2025-10-15
7070663956211113984,2025-10-15
6998605659912808066,2025-10-15
10543723100923776,2025-10-15
6629304165209877951,2025-10-15
5332267584642577308,2025-10-15
1008813765626938370,2025-10-15
3963175209649623032,2025-10-15
1585271561337052048,2025-10-15
1585271561336928692,2025-10-15
5908729607245342097,2025-10-15
5980785973690676327,2025-10-15
1585271561336627947,2025-10-15
1585271561337003582,2025-10-15
7575067590023580160,2025-10-15
657536477715567505,2025-10-15
6133915128677068544,2025-10-15
3467784171369748993,2025-10-15
3098483135638258628,2025-10-15
936754186446803789,2025-10-15
7719183474830901697,2025-10-15
7576643904375722625,2025-10-15
1585271561336901830,2025-10-15
3242598792210971339,2025-10-15
1585271561336944162,2025-10-15
5198348201452167296,2025-10-15
1306055321721055752,2025-10-15
3901231049869308352,2025-10-16
8800042911955348868,2025-10-16
5836672477688190152,2025-10-16
6494201578204133511,2025-10-16
946914460040435776,2025-10-16
4548647573216187331,2025-10-16
441361688982362880,2025-10-16
801651206834379886,2025-10-16
3530830270264484172,2025-10-16
1585271561336826681,2025-10-16
1585271561336585963,2025-10-16
1585271561336875782,2025-10-16
8872102004503143591,2025-10-16
6567609326341607744,2025-10-16
1585271561336939603,2025-10-16
864698737912134848,2025-10-16
8214571128982578588,2025-10-16
1666343015431464640,2025-10-16
729594265295609622,2025-10-16
6124903351516349376,2025-10-16
6413133404652390805,2025-10-16
8223585134570190914,2025-10-16
6052843423965704425,2025-10-16
4693002633525601345,2025-10-16
8079467701476308354,2025-10-16
1666343004376976787,2025-10-16
1585271561337054434,2025-10-16
6566258848326450193,2025-10-16
5034735007653,2025-10-16
2242869852638387712,2025-10-16
5557452949714472068,2025-10-16
720583759961121985,2025-10-16
1585271561336970375,2025-10-16
432353157092747328,2025-10-16
1585271561336991274,2025-10-16
6638576398521673344,2025-10-16
5908729607245342097,2025-10-16
2748908614381779392,2025-10-16
2458979315686200129,2025-10-16
1585271561336883878,2025-10-16
6629304165209877951,2025-10-16
3036135594203998528,2025-10-16
8935148650840696065,2025-10-16
1873503251789431761,2025-10-16
1585271561336615171,2025-10-16
8728826996144382272,2025-10-16
5413337645511821323,2025-10-16
5413337214202463657,2025-10-16
1585271561337026367,2025-10-16
2458979060291587008,2025-10-16
936756002501340111,2025-10-16
874979983598986624,2025-10-16
7936219949677741440,2025-10-16
7286836340193220480,2025-10-17
369305952269615221,2025-10-17
2603092440198734400,2025-10-17
1585271561336939603,2025-10-17
8511814487741101120,2025-10-17
1585271561336934412,2025-10-17
3828751370547352448,2025-10-17
6629304165209876517,2025-10-17
6052843423965704355,2025-10-17
6341074330978176210,2025-10-17
4179348047056553453,2025-10-17
4476591665707205376,2025-10-17
8145832902914,2025-10-17
5836672162506749888,2025-10-17
5034735007357,2025-10-17
1585271561336747433,2025-10-17
1522228125953156999,2025-10-17
5332267584642577160,2025-10-17
6710374421143547864,2025-10-17
8502803222098581007,2025-10-17
6999901611225248000,2025-10-17
7782225973962771558,2025-10-17
3251611063009623296,2025-10-17
5413337214202462417,2025-10-17
7719181224280448770,2025-10-17
5557452949714472068,2025-10-17
5197164802577444487,2025-10-17
1585271561336660151,2025-10-17
1666343015431464640,2025-10-17
6710375698481685377,2025-10-17
4117386362847523008,2025-10-17
1585271561336912413,2025-10-17
1595811337136054464,2025-10-17
7926341023773842820,2025-10-17
1585271561336952465,2025-10-17
6052843423965704425,2025-10-17
6350087783588513984,2025-10-17
7998410134481889224,2025-10-17
1585271561336593393,2025-10-17
4692763109658532353,2025-10-17
1585271561336777542,2025-10-17
8502803222098579789,2025-10-17
4971980779687938075,2025-10-17
1585271561336628314,2025-10-17
1234308997173066112,2025-10-17
8367700322646860865,2025-10-17
864698737912134848,2025-10-17
7719180632607324117,2025-10-17
4188356816114176577,2025-10-17
1306110973670995840,2025-10-17
432351254888983489,2025-10-17
2387696738946225729,2025-10-17
7863296658861515073,2025-10-17
6710374448786440788,2025-10-17
1585271561337026643,2025-10-17
2305848744076624014,2025-10-17
3963175209649623032,2025-10-17
1585271561336864392,2025-10-18
3242598857385035457,2025-10-18
6999901611225248000,2025-10-18
8863091126132830545,2025-10-18
1585271561336688933,2025-10-18
5034735007042,2025-10-18
7719183762365542209,2025-10-18
2738194092690289674,2025-10-18
6998605449788900609,2025-10-18
1585271561337034979,2025-10-18
1585271561336777147,2025-10-18
7719181224280448770,2025-10-18
1585271561336865928,2025-10-18
1666343015431464640,2025-10-18
3242598857385038043,2025-10-18
6638576398521673344,2025-10-18
2963380294261557249,2025-10-18
8935147025123496934,2025-10-18
4467577916331479254,2025-10-18
6061856428691210627,2025-10-18
6629304165209876588,2025-10-18
1585271561337051538,2025-10-18
6196960147642319115,2025-10-18
4982007215162596672,2025-10-18
1306055918923481346,2025-10-18
1585271561337053064,2025-10-18
6052843423965704425,2025-10-18
2098735651169564096,2025-10-18
6927906236549392704,2025-10-18
1585271561336615171,2025-10-18
729595691934240384,2025-10-18
4323463152188622715,2025-10-18
6351251898179729856,2025-10-18
6052843423965704595,2025-10-18
7791241356403508288,2025-10-18
1585271561336929134,2025-10-18
8583871661534034304,2025-10-18
6710374421143547864,2025-10-18
504410216844887574,2025-10-18
432351254888982820,2025-10-18
2233792637557833154,2025-10-18
1595512269973291712,2025-10-18
1585271561336862731,2025-10-18
1585271561337036299,2025-10-18
1585271561336730527,2025-10-18
1585271561336977437,2025-10-18
6052843423965704469,2025-10-18
1585271561336804690,2025-10-18
729595691934241985,2025-10-18
2531033574337163863,2025-10-18
5917738752920382337,2025-10-18
7576643904375722625,2025-10-19
6701361217345429137,2025-10-19
1594323768696137216,2025-10-19
5414353476157870016,2025-10-19
8801543622528988544,2025-10-19
7214778265081625857,2025-10-19
1585271561337032846,2025-10-19
4548647573216179139,2025-10-19
4107288419676846196,2025-10-19
5034735006441,2025-10-19
1945562604242969664,2025-10-19
8872104940726666496,2025-10-19
1729388589032331985,2025-10-19
1585271561336820883,2025-10-19
3747000630363940507,2025-10-19
1585271561336951321,2025-10-19
3674945297996420289,2025-10-19
5917743916947192128,2025-10-19
864698737912134848,2025-10-19
6701361217345430821,2025-10-19
3098483602160404123,2025-10-19
8367700322646860865,2025-10-19
5226179076419,2025-10-19
369307611172937280,2025-10-19
6124902627122867704,2025-10-19
6061856428691210627,2025-10-19
6566261173957204608,2025-10-19
6998605659912808066,2025-10-19
4117386362847523008,2025-10-19
6567609326341607744,2025-10-19
5260209176225692882,2025-10-19
2531033574337163819,2025-10-19
2098689093918504449,2025-10-19
7647124044962418176,2025-10-19
6854669291202863360,2025-10-19
1161942649620631617,2025-10-19
1585271561336804690,2025-10-19
6629305709414973060,2025-10-19
1513216560753935446,2025-10-19
5908730160197041856,2025-10-19
5332267584642577280,2025-10-19
1585271561336994479,2025-10-19
6629304165209877951,2025-10-19
297929306925578112,2025-10-19
792639191900656642,2025-10-19
6629304165209877823,2025-10-19
6052843423965704462,2025-10-19
3963175104584410389,2025-10-19
2882310110228255577,2025-10-19
2387696738946225729,2025-10-19
6052843423965704787,2025-10-19
5701568878757409536,2025-10-19
3467784016540729538,2025-10-19
8430745561286483373,2025-10-20
441361688982367554,2025-10-20
1585271561337034353,2025-10-20
1306806058556077568,2025-10-20
5332267584642577160,2025-10-20
8142515282311850882,2025-10-20
7277824441388353957,2025-10-20
5034735006231,2025-10-20
4261308455727522880,2025-10-20
1378113689911308161,2025-10-20
8296463933773074945,2025-10-20
8079469907788944259,2025-10-20
1585271561337049547,2025-10-20
4116894438319313472,2025-10-20
8214572793405073281,2025-10-20
6052843423965704548,2025-10-20
153134773740665347,2025-10-20
1585271561336865928,2025-10-20
7854285989967507009,2025-10-20
7070662457713951753,2025-10-20
5908730160197042067,2025-10-20
2242804895778101824,2025-10-20
3747000630363940576,2025-10-20
6629304165209877553,2025-10-20
5044039385649898752,2025-10-20
1594287976076177216,2025-10-20
1585271561337011630,2025-10-20
2531033574337163819,2025-10-20
4692764342757237888,2025-10-20
1522229159996371777,2025-10-20
3098483135638258628,2025-10-20
946562616319523968,2025-10-20
2604256311380796096,2025-10-20
4692759896965140290,2025-10-20
4107288419676846164,2025-10-20
7277824811882338881,2025-10-20
2305848744076624204,2025-10-20
4980994376076635008,2025-10-20
1585271561336634750,2025-10-20
225192423096542209,2025-10-20
1585271561336614331,2025-10-20
875454939444235008,2025-10-20
6341074104264850260,2025-10-20
5908729607245342097,2025-10-20
8583871661534034307,2025-10-20
1585271561336938714,2025-10-20
5034735005189,2025-10-20
1441159783276051102,2025-10-20
7421937771504245263,2025-10-20
5034735006831,2025-10-20
5034735006701,2025-10-20
7638112022221129606,2025-10-20
4755806029018135186,2025-10-20
8727988444133188801,2025-10-20
1585271561337020491,2025-10-20
5269222877690299218,2025-10-20
7935354974073818945,2025-10-20
2882310110228255577,2025-10-20
1585271561336731388,2025-10-20
1585271561337052854,2025-10-20
2747394829003280256,2025-10-20
3684346221097551104,2025-10-20
5053051887169702720,2025-10-20
4844634155891,2025-10-20
7998400403885849124,2025-10-21
4404702729206808320,2025-10-21
2603093253040082688,2025-10-21
1738401682216574849,2025-10-21
6279413277397629056,2025-10-21
1585271561336584729,2025-10-21
3251612677654325248,2025-10-21
1585271561336817322,2025-10-21
2377906299442910985,2025-10-21
8872102004503143591,2025-10-21
8214572793405073281,2025-10-21
1161942649620632320,2025-10-21
504410762191814656,2025-10-21
7421937898647071687,2025-10-21
8007412236336258369,2025-10-21
8574860238283841992,2025-10-21
7576643904375722625,2025-10-21
2954368544761414400,2025-10-21
5764614806234616984,2025-10-21
153131660580731456,2025-10-21
8368908434252673472,2025-10-21
8295642745197945921,2025-10-21
2242869852638387712,2025-10-21
7421937898647071771,2025-10-21
7358893679870290496,2025-10-21
4692759896965140290,2025-10-21
1954574044080790082,2025-10-21
7864892342787747904,2025-10-21
2233792637557835906,2025-10-21
1585271561337013495,2025-10-21
1585271561337034979,2025-10-21
6052843423965704462,2025-10-21
4405344843997464192,2025-10-21
4764817325728904706,2025-10-21
6999901611225248000,2025-10-21
1585271561337032045,2025-10-21
4764817325728908033,2025-10-21
1585271561336806671,2025-10-21
1585271561336938590,2025-10-21
1585271561336664826,2025-10-21
1585271561337020491,2025-10-21
1306110973670995840,2025-10-21
1585271561336985360,2025-10-21
1585271561336726980,2025-10-21
1729388589032331985,2025-10-21
6639569615849310208,2025-10-22
5692557201135915351,2025-10-22
6638373347198195904,2025-10-22
5773626323495729345,2025-10-22
864698737912134848,2025-10-22
441361688982367554,2025-10-22
3891117576910364353,2025-10-22
3469018256477155328,2025-10-22
1585271561336611199,2025-10-22
2089677781257940480,2025-10-22
3035439840244248320,2025-10-22
1585271561337050533,2025-10-22
5034735007817,2025-10-22
3314656874364763048,2025-10-22
6710375040460808193,2025-10-22
369307611172934656,2025-10-22
360295281038589837,2025-10-22
6341074104264855425,2025-10-22
4899922101829706304,2025-10-22
2314862489816033282,2025-10-22
1585271561336741967,2025-10-22
6710377279947371714,2025-10-22
5197164996113048095,2025-10-22
3109169289146835200,2025-10-22
6701361217345430741,2025-10-22
6196961100373024751,2025-10-22
2954368544761414400,2025-10-22
6629304165209878501,2025-10-22
1585271561337052731,2025-10-22
6052843423965704425,2025-10-22
4692759896965140290,2025-10-22
2603447635132436992,2025-10-22
6341072931965191986,2025-10-22
7421939452518496470,2025-10-22
8070458324181978240,2025-10-22
1585271561337036544,2025-10-22
1585271561336991274,2025-10-22
6629304165209876295,2025-10-22
6629304165209876826,2025-10-22
1585271561336603153,2025-10-22
7205765802269030917,2025-10-22
369305764258770457,2025-10-22
5053546254431543744,2025-10-22
4764817325728903810,2025-10-22
801649609405801345,2025-10-22
7935850773622188864,2025-10-22
8214572793405073281,2025-10-22
1585271561336721451,2025-10-22
7782225973962771393,2025-10-22
5557453419725369300,2025-10-22
1585271561336748673,2025-10-22
1585271561337040747,2025-10-22
6341074104264853896,2025-10-22
6710375698481685377,2025-10-22
6629304165209876923,2025-10-22
2954367870147815910,2025-10-22
729594265295609622,2025-10-22
7782225973962771531,2025-10-22
1017826062559976640,2025-10-22
1954920702784737664,2025-10-22
1810459314961885698,2025-10-22
5034735006389,2025-10-22
6341072931965192050,2025-10-22
1585271561337033941,2025-10-23
3109169289146835200,2025-10-23
5034735006802,2025-10-23
3747001954464117380,2025-10-23
5125106987349937950,2025-10-23
1585271561337007073,2025-10-23
7576643904375722625,2025-10-23
6341074104264852912,2025-10-23
6638317131229860104,2025-10-23
7719181224280449171,2025-10-23
6052843423965704734,2025-10-23
3242598857385038503,2025-10-23
2386920338217062273,2025-10-23
4260938571922720000,2025-10-23
1585271561337001691,2025-10-23
6629304165209878826,2025-10-23
5034735007817,2025-10-23
802931052943572736,2025-10-23
2963379536701494144,2025-10-23
5054408160956448896,2025-10-23
1595995026370418496,2025-10-23
5034735006054,2025-10-23
1585271561337051847,2025-10-23
3963175209649621266,2025-10-23
8079470079227478147,2025-10-23
6710377279947371714,2025-10-23
5197164996113048095,2025-10-23
1585271561337054434,2025-10-23
1585271561336927672,2025-10-23
6710483905800789504,2025-10-23
2747254091515128576,2025-10-23
4621340614841849537,2025-10-23
2305848744076623859,2025-10-23
3819059496266608833,2025-10-23
6629304165209876610,2025-10-23
1008812355581841250,2025-10-23
6052843423965704579,2025-10-23
7926340078215188296,2025-10-23
4909580384282834432,2025-10-23
1585271561336901830,2025-10-23
2449965110012013004,2025-10-23
4683750691077887234,2025-10-23
6196958805535046227,2025-10-23
5908729607245342097,2025-10-23
153135415178498816,2025-10-23
7782225973962771393,2025-10-23
6629304165209878302,2025-10-23
2531033574337163656,2025-10-23
6845478493809504321,2025-10-23
360293909705804832,2025-10-23
2305848744076623558,2025-10-23
1585271561337044041,2025-10-23
2522022820172099456,2025-10-23
432351254888983547,2025-10-23
1811315870349806144,2025-10-23
2387450687084880960,2025-10-23
7286836340193220480,2025-10-23
4107288419676846091,2025-10-24
3891115984388077504,2025-10-24
298774987133531328,2025-10-24
4693143371013972608,2025-10-24
657540071955486912,2025-10-24
6854490180147622592,2025-10-24
4766328241907346432,2025-10-24
1585271561337043133,2025-10-24
9088275953371785088,2025-10-24
1585271561336799081,2025-10-24
1585271561336641278,2025-10-24
1585271561336866220,2025-10-24
1585271561337025431,2025-10-24
5034735007114,2025-10-24
360293909705804778,2025-10-24
4899933618508618624,2025-10-24
1585271561336995405,2025-10-24
3395726566295387138,2025-10-24
3891115984388077505,2025-10-24
3098483602160404120,2025-10-24
1585271561336833657,2025-10-24
1585271561337038452,2025-10-24
1585271561336615171,2025-10-24
1585271561336854177,2025-10-24
1585271561336744152,2025-10-24
4692759896965140290,2025-10-24
5188154264055125095,2025-10-24
8718974580309867031,2025-10-24
1585271561336872474,2025-10-24
5918167605811538049,2025-10-24
1585271561336928692,2025-10-24
2386920338217062084,2025-10-24
441361688982367554,2025-10-24
6350087523696082048,2025-10-24
657536765260253710,2025-10-24
4693266516316288577,2025-10-24
8070458324181978690,2025-10-24
1585271561336859609,2025-10-24
8367700322646864705,2025-10-24
1585271561336659765,2025-10-24
5836672162506749888,2025-10-24
1585271561337001103,2025-10-24
5034735007916,2025-10-24
5548441990942656256,2025-10-24
6494202711772197954,2025-10-24
2954367870147815492,2025-10-24
1585271561336804690,2025-10-24
1954920702784737664,2025-10-24
1585271561336730527,2025-10-24
2388215708434570752,2025-10-24
4107288419676846091,2025-10-25
2603412450760346816,2025-10-25
3674943108267374686,2025-10-25
792640751260989745,2025-10-25
7647124857813028096,2025-10-25
1729388141130525899,2025-10-25
7782225973962771492,2025-10-25
1729388589032331985,2025-10-25
5188154264055124614,2025-10-25
5269223972552621251,2025-10-25
945768468522223040,2025-10-25
5341282749928416897,2025-10-25
5125108828712651648,2025-10-25
5188154264055125217,2025-10-25
1585271561336887914,2025-10-25
658209449051056768,2025-10-25
8430745724812681766,2025-10-25
5044039385649898752,2025-10-25
1585271561336882511,2025-10-25
1585271561336927672,2025-10-25
936754186446804199,2025-10-25
3035436765780351298,2025-10-25
3179555089145713409,2025-10-25
5034735006047,2025-10-25
2314918545596573312,2025-10-25
6998605980629639169,2025-10-25
6629304165209876779,2025-10-25
7576643904375722625,2025-10-25
1585271561337003848,2025-10-25
3098483602160404120,2025-10-25
6196960147642319177,2025-10-25
4476591372638894144,2025-10-25
5332268534224471874,2025-10-25
7493995542453564627,2025-10-25
7286835908884540098,2025-10-25
4980994376076635008,2025-10-25
1585271561336965543,2025-10-25
3026426929536382208,2025-10-25
6052843423965704425,2025-10-25
1585271561336612007,2025-10-25
1585271561337030453,2025-10-25
3828071157290900868,2025-10-25
1585271561337051847,2025-10-25
1585271561336626982,2025-10-25
8727988873444365056,2025-10-25
8935147025123496488,2025-10-25
6052843423965704734,2025-10-25
2017618760585038672,2025-10-25
5918167605811538049,2025-10-25
1017837241898739200,2025-10-25
6196958805535046283,2025-10-25
8935147025123496934,2025-10-25
1810770027274529152,2025-10-25
2594080773626550032,2025-10-25
1955483658249113216,2025-10-25
4107288419676846176,2025-10-25
6341074104264853628,2025-10-25
4323460437143802739,2025-10-25
946552874607559680,2025-10-25
5908730591520445889,2025-10-26
1595643182649518144,2025-10-26
2242804895778104131,2025-10-26
6269016405102144651,2025-10-26
6629304165209877729,2025-10-26
1585271561337002175,2025-10-26
4548647573216181123,2025-10-26
2954367870147816217,2025-10-26
6350087783588510913,2025-10-26
5269223972552621251,2025-10-26
5413337214202464315,2025-10-26
4621288485247139456,2025-10-26
1594284945847356829,2025-10-26
2098735651169564096,2025-10-26
1585271561336806379,2025-10-26
1954573939019829824,2025-10-26
1306055227717714057,2025-10-26
5260212023980595118,2025-10-26
1585271561336984926,2025-10-26
801651201304652900,2025-10-26
6269028026879258946,2025-10-26
4764817325728907840,2025-10-26
3747000846077164695,2025-10-26
4899933618508618624,2025-10-26
6206643039465930496,2025-10-26
7142855432528460992,2025-10-26
1585271561336680811,2025-10-26
585481725913663745,2025-10-26
6845478493809504327,2025-10-26
6052843423965704810,2025-10-26
2017619693541360654,2025-10-26
3901231049869308352,2025-10-26
5197164996113048095,2025-10-26
2738194092690289683,2025-10-26
1585271561336979665,2025-10-26
2242869852638387712,2025-10-26
1585271561336614872,2025-10-26
6629304165209876610,2025-10-26
3963175209649623032,2025-10-26
5918369977010725056,2025-10-26
8791033899596156943,2025-10-26
4827866083748751168,2025-10-26
576468234569919016,2025-10-26
360293373317682068,2025-10-26
1161942649620631617,2025-10-26
4548648150500964289,2025-10-26
8727988873444365056,2025-10-26
6566258848326415630,2025-10-26
513460228649263553,2025-10-26
9090011891323472577,2025-10-26
875147225487866496,2025-10-26
5270131783836021633,2025-10-26
8935147025123496911,2025-10-26
873711825569141888,2025-10-26
5557453419725369300,2025-10-26
2305848744076623224,2025-10-26
3684205483609186688,2025-10-26
6629304165209876826,2025-10-26
2675151659929808384,2025-10-26
6052843423965704548,2025-10-26
1954920702784737664,2025-10-26
8224669680567268800,2025-10-26
4764817325728906820,2025-10-27
5197164996113048095,2025-10-27
6341072931965192431,2025-10-27
4323473004444957760,2025-10-27
6629304165209878816,2025-10-27
6629304165209877235,2025-10-27
1585271561336731414,2025-10-27
2954368644292678146,2025-10-27
1585271561336939603,2025-10-27
5034735007627,2025-10-27
1585271561336707200,2025-10-27
5413337214202464315,2025-10-27
2810253572328674212,2025-10-27
7277824828470396098,2025-10-27
6566261173957204864,2025-10-27
1585271561337047893,2025-10-27
1585271561337025431,2025-10-27
3324717703484575936,2025-10-27
6629304165209877269,2025-10-27
2316334052846495361,2025-10-27
801649609405801345,2025-10-27
2594080757047248896,2025-10-27
1585271561336757344,2025-10-27
7998399998816616136,2025-10-27
7576643904375722625,2025-10-27
6052843423965704103,2025-10-27
3098483135638258628,2025-10-27
4467577916331478959,2025-10-27
1585271561336799081,2025-10-27
8079469354822699776,2025-10-27
4692759896965140290,2025-10-27
1585271561337003723,2025-10-27
7782225973962771485,2025-10-27
7287709210407551424,2025-10-27
1585271561336928692,2025-10-27
5034735007929,2025-10-27
1585271561336929460,2025-10-27
8800101588895374592,2025-10-27
4179347478918639567,2025-10-27
1585271561337037566,2025-10-27
7935355305852134208,2025-10-27
1585271561336710324,2025-10-27
3035439740714155136,2025-10-27
3900129143937590273,2025-10-27
1306055918923481346,2025-10-27
1585271561337051825,2025-10-27
1585271561336986701,2025-10-27
8800241640403122304,2025-10-27
6629304165209878561,2025-10-27
360295281038589840,2025-10-27
1585271561336820281,2025-10-27
1666345625407870272,2025-10-27
4694401212316192064,2025-10-27
6196960147642318811,2025-10-27
6341072931965192050,2025-10-27
4764817325728904193,2025-10-28
297974111359456768,2025-10-28
874294004464681344,2025-10-28
5629513220079284288,2025-10-28
5197165831092180737,2025-10-28
1585271561336825728,2025-10-28
1585271561336611199,2025-10-28
6052843423965704810,2025-10-28
72064921482246530,2025-10-28
1585271561336958891,2025-10-28
360293909705804580,2025-10-28
8791033531835244932,2025-10-28
5917742346563020225,2025-10-28
5270642079174214656,2025-10-28
5269222534854845313,2025-10-28
8152761299394899968,2025-10-28
2449965262016764108,2025-10-28
5413337214202460145,2025-10-28
6413133404652387490,2025-10-28
3963175209649620559,2025-10-28
3035438502080357056,2025-10-28
5476385132355153731,2025-10-28
4260665893039022657,2025-10-28
4117334242970440768,2025-10-28
6998605980629639169,2025-10-28
8872103381380754816,2025-10-28
2738194092690288910,2025-10-28
1811764471093953345,2025-10-28
7277824441388353957,2025-10-28
7421937898647071687,2025-10-28
1585271561336618707,2025-10-28
792639191900656642,2025-10-28
9088275433581698881,2025-10-28
4188356816114176577,2025-10-28
3035438258777613504,2025-10-28
8511814487741101120,2025-10-28
6998605659912808066,2025-10-28
6269017715674913344,2025-10-28
1161942649620631617,2025-10-28
5034735006441,2025-10-28
1585271561336927672,2025-10-28
5188154264055124614,2025-10-28
153135415178498816,2025-10-28
4908937353777222017,2025-10-28
6052843423965704521,2025-10-28
1008813765626963715,2025-10-28
6422834790926888257,2025-10-28
8079469907788937793,2025-10-28
1585271561337043459,2025-10-28
4620703683897940812,2025-10-28
4107288419676846176,2025-10-28
2233792637557834434,2025-10-28
4116348389294694784,2025-10-28
5980787599406315060,2025-10-28
2305848744076623424,2025-10-29
1585271561337036299,2025-10-29
5989800476951830080,2025-10-29
5629513220079284288,2025-10-29
3467784016540725761,2025-10-29
1585271561336747433,2025-10-29
360295029579446279,2025-10-29
6629304165209877384,2025-10-29
1585271561336777542,2025-10-29
360293909705804580,2025-10-29
8872102004503143591,2025-10-29
442388621097498240,2025-10-29
6206150458256665344,2025-10-29
1585271561336917867,2025-10-29
2171804923086347328,2025-10-29
2531033574337164798,2025-10-29
5332267584642577376,2025-10-29
4332926112403708992,2025-10-29
1585271561336969570,2025-10-29
1450169741182143061,2025-10-29
4548647573216181123,2025-10-29
4692759896965145601,2025-10-29
2170746759837790082,2025-10-29
1594285565167032960,2025-10-29
2242869852638387712,2025-10-29
3108140146263198976,2025-10-29
2242801434868013825,2025-10-29
8152383067394922560,2025-10-29
3539842169068608705,2025-10-29
6854490180147622592,2025-10-29
225986504464458561,2025-10-29
1585271561336762631,2025-10-29
3098483602160404120,2025-10-29
8430745561286483373,2025-10-29
6341072931965192050,2025-10-29
2522022820172102402,2025-10-29
3530829233426745118,2025-10-29
1585271561336929916,2025-10-29
1585271561336977652,2025-10-29
7863296658861515073,2025-10-29
1585271561336735598,2025-10-29
3314654999816724438,2025-10-29
3036777244507937536,2025-10-29
3674945297996420289,2025-10-29
1738659146636609152,2025-10-29
2954368644292678146,2025-10-29
1297043030334348571,2025-10-29
4980994376076635008,2025-10-29
2017618760585040015,2025-10-29
792640588831739337,2025-10-29
5269222877690299218,2025-10-29
6052843423965704702,2025-10-29
1369101741337283412,2025-10-29
1585271561337041705,2025-10-29
8079470079227475648,2025-10-29
1306055918923481346,2025-10-29
9088428826860881088,2025-10-30
6341074104264856093,2025-10-30
2810252842425727873,2025-10-30
947291746421455936,2025-10-30
2882308749924541060,2025-10-30
1585271561336825728,2025-10-30
1585271561336799081,2025-10-30
6917536153237303919,2025-10-30
9018474210548989,2025-10-30
1585271561336805630,2025-10-30
8872102004503143591,2025-10-30
1585271561337018567,2025-10-30
6341072931965192431,2025-10-30
4692759896965143235,2025-10-30
8079469907788932736,2025-10-30
6557248337293372483,2025-10-30
5629511450608983042,2025-10-30
5774465552412989760,2025-10-30
7936088008282402368,2025-10-30
6206643039465930496,2025-10-30
1585271561337051716,2025-10-30
4035232792634577217,2025-10-30
5034735007876,2025-10-30
8800233530290716352,2025-10-30
1585271561337051986,2025-10-30
8935148960500686848,2025-10-30
6196960147642319177,2025-10-30
1585271561336862265,2025-10-30
3963175209649623032,2025-10-30
1811764471093953345,2025-10-30
3901240824778531264,2025-10-30
1585271561337009256,2025-10-30
1585271561337008237,2025-10-30
2242804895778101824,2025-10-30
3530829162152956374,2025-10-30
1585271561336660151,2025-10-30
3098483135638259031,2025-10-30
2963381178992575552,2025-10-30
792640588831739337,2025-10-30
3530829233426742997,2025-10-30
6998605449788903553,2025-10-30
3756013319945360386,2025-10-30
6052843423965704702,2025-10-30
6494203389548145408,2025-10-30
1585271561336867115,2025-10-30
3036777244507937536,2025-10-30
1306055918923481346,2025-10-30
1585271561337050632,2025-10-31
3251611063009624320,2025-10-31
8872102557463947648,2025-10-31
2170746759837790082,2025-10-31
7133709247784472837,2025-10-31
585481725913662337,2025-10-31
6341072931965191598,2025-10-31
3467783911479848960,2025-10-31
585579030345332288,2025-10-31
3036777244507937536,2025-10-31
4764817325728905537,2025-10-31
6061856445285913217,2025-10-31
4188358369920039968,2025-10-31
2098735651169564096,2025-10-31
3107495819638266880,2025-10-31
1585271561336690460,2025-10-31
5044039385649898752,2025-10-31
8430745561286483439,2025-10-31
154456388469593153,2025-10-31
7719181749594787008,2025-10-31
7576643904375722625,2025-10-31
1585271561337054434,2025-10-31
2305848744076623036,2025-10-31
1810524221977767617,2025-10-31
8935147025123496246,2025-10-31
4764820333211848768,2025-10-31
946183438700607488,2025-10-31
5629512838538415361,2025-10-31
360295281038589837,2025-10-31
3314654999816724296,2025-10-31
1585271561337028331,2025-10-31
9007204939872883075,2025-10-31
432352622344453125,2025-10-31
5908729607245342097,2025-10-31
1585271561336660151,2025-10-31
1585271561336944156,2025-10-31
6052843423965704776,2025-10-31
1954573939019830722,2025-10-31
1585271561337008237,2025-10-31
1369101741337282754,2025-10-31
1306055918923481346,2025-10-31
226021395768067328,2025-10-31
6998605449788903553,2025-10-31
9088463425057405824,2025-10-31
6196960147642318811,2025-10-31
3179552246924931267,2025-10-31
1585271561336867115,2025-10-31
6052843423965704587,2025-10-31
2242869852638387712,2025-10-31
7286835588169424773,2025-10-31
